This is XeTeX, Version 3.141592653-2.6-0.999997 (MiKTeX 25.12) (preloaded format=xelatex 2026.9.9)  9 SEP 2026 18:13
entering extended mode
 restricted \write18 enabled.
 %&-line parsing enabled.
**./PlantillaTesis.tex
(PlantillaTesis.tex
LaTeX2e <2025-11-01>
L3 programming layer <2025-12-24>
(C:\Program Files\MiKTeX\tex/latex/base\report.cls
Document Class: report 2025/01/22 v1.4n Standard LaTeX document class
(C:\Program Files\MiKTeX\tex/latex/base\size12.clo
File: size12.clo 2025/01/22 v1.4n Standard LaTeX file (size option)
)
\c@part=\count271
\c@chapter=\count272
\c@section=\count273
\c@subsection=\count274
\c@subsubsection=\count275
\c@paragraph=\count276
\c@subparagraph=\count277
\c@figure=\count278
\c@table=\count279
\abovecaptionskip=\skip49
\belowcaptionskip=\skip50
\bibindent=\dimen148
) (Formatos/Yvely_Nov18.sty

LaTeX Warning: You have requested package `Formatos/Yvely_Nov18',
               but the package provides `Yvely_Nov18'.

Package: Yvely_Nov18 2018/08/07
(C:\Program Files\MiKTeX\tex/latex/base\inputenc.sty
Package: inputenc 2024/02/08 v1.3d Input encoding file
\inpenc@prehook=\toks17
\inpenc@posthook=\toks18


Package inputenc Warning: inputenc package ignored with utf8 based engines.

) (C:\Program Files\MiKTeX\tex/generic/babel\babel.sty
Package: babel 2025/12/11 v25.17 The multilingual framework for LuaLaTeX, pdfLa
TeX and XeLaTeX
\babel@savecnt=\count280
LaTeX Encoding Info:    Redeclaring text command \ij (encoding OT1) on input li
ne 2068.
LaTeX Encoding Info:    Redeclaring text command \IJ (encoding OT1) on input li
ne 2070.
LaTeX Encoding Info:    Redeclaring text command \ij (encoding T1) on input lin
e 2072.
LaTeX Encoding Info:    Redeclaring text command \IJ (encoding T1) on input lin
e 2073.
LaTeX Encoding Info:    Ignoring declaration for text command \ij (encoding ?) 
on input line 2074.
LaTeX Encoding Info:    Ignoring declaration for text command \IJ (encoding ?) 
on input line 2076.
LaTeX Encoding Info:    Ignoring declaration for text command \SS (encoding ?) 
on input line 2101.
\U@D=\dimen149
\l@unhyphenated=\language79

(C:\Program Files\MiKTeX\tex/generic/babel\xebabel.def)
\bbl@readstream=\read2
\bbl@dirlevel=\count281
Package babel Info: Configuration files are deprecated, as
(babel)             they can break document portability.
(babel)             Reported on input line 4196.

*************************************
* Local config file bblopts.cfg used
*
(C:\Program Files\MiKTeX\tex/latex/arabi\bblopts.cfg
File: bblopts.cfg 2005/09/08 v0.1 add Arabic and Farsi to "declared" options of
 babel
)
(C:\Program Files\MiKTeX\tex/generic/babel/locale/es\babel-spanish.tex)
(C:\Program Files\MiKTeX\tex/generic/babel/locale/en\babel-english.tex)
Package babel Info: Importing font and identification data for spanish
(babel)             from babel-es.ini. Reported on input line 4320.

(C:\Program Files\MiKTeX\tex/latex/babel-spanish\spanish.ldf
Language: spanish.ldf 2021/05/27 v5.0q Spanish support from the babel system
\es@quottoks=\toks19
\es@quotdepth=\count282
Package babel Info: Making " an active character on input line 570.
Package babel Info: Making . an active character on input line 675.
Package babel Info: Making < an active character on input line 722.
Package babel Info: Making > an active character on input line 722.
)
Package babel Info: Importing font and identification data for english
(babel)             from babel-en.ini. Reported on input line 4320.

(C:\Program Files\MiKTeX\tex/latex/babel-english\english.ldf
Language: english 2017/06/06 v3.3r English support from the babel system
Package babel Info: Hyphen rules for 'canadian' set to \l@english
(babel)             (\language0). Reported on input line 102.
Package babel Info: Hyphen rules for 'australian' set to \l@ukenglish
(babel)             (\language73). Reported on input line 105.
Package babel Info: Hyphen rules for 'newzealand' set to \l@ukenglish
(babel)             (\language73). Reported on input line 108.
))
(C:\Program Files\MiKTeX\tex/latex/l3packages/xparse\xparse.sty
(C:\Program Files\MiKTeX\tex/latex/l3kernel\expl3.sty
Package: expl3 2025-12-24 L3 programming layer (loader) 

(C:\Program Files\MiKTeX\tex/latex/l3backend\l3backend-xetex.def
File: l3backend-xetex.def 2025-10-09 L3 backend support: XeTeX
\g__graphics_track_int=\count283
\g__pdfannot_backend_int=\count284
\g__pdfannot_backend_link_int=\count285
))
Package: xparse 2025-10-09 L3 Experimental document command parser
)
(C:\Program Files\MiKTeX\tex/latex/xcolor\xcolor.sty
Package: xcolor 2024/09/29 v3.02 LaTeX color extensions (UK)

(C:\Program Files\MiKTeX\tex/latex/graphics-cfg\color.cfg
File: color.cfg 2016/01/02 v1.6 sample color configuration
)
Package xcolor Info: Driver file: xetex.def on input line 274.

(C:\Program Files\MiKTeX\tex/latex/graphics-def\xetex.def
File: xetex.def 2025/11/01 v5.0p Graphics/color driver for xetex
)
(C:\Program Files\MiKTeX\tex/latex/graphics\mathcolor.ltx)
Package xcolor Info: Model `cmy' substituted by `cmy0' on input line 1349.
Package xcolor Info: Model `RGB' extended on input line 1365.
Package xcolor Info: Model `HTML' substituted by `rgb' on input line 1367.
Package xcolor Info: Model `Hsb' substituted by `hsb' on input line 1368.
Package xcolor Info: Model `tHsb' substituted by `hsb' on input line 1369.
Package xcolor Info: Model `HSB' substituted by `hsb' on input line 1370.
Package xcolor Info: Model `Gray' substituted by `gray' on input line 1371.
Package xcolor Info: Model `wave' substituted by `hsb' on input line 1372.
)
(C:\Program Files\MiKTeX\tex/latex/siunitx\siunitx.sty
Package: siunitx 2026-08-23 v3.5.6 A comprehensive (SI) units package
\l__siunitx_number_uncert_offset_int=\count286
\l__siunitx_number_exponent_fixed_int=\count287
\l__siunitx_number_min_decimal_int=\count288
\l__siunitx_number_min_integer_int=\count289
\l__siunitx_number_round_precision_int=\count290
\l__siunitx_number_lower_threshold_int=\count291
\l__siunitx_number_upper_threshold_int=\count292
\l__siunitx_number_group_first_int=\count293
\l__siunitx_number_group_size_int=\count294
\l__siunitx_number_group_min_int=\count295
\l__siunitx_number_group_minimum_int=\count296
\l__siunitx_compound_count_int=\count297

(C:\Program Files\MiKTeX\tex/latex/translations\translations.sty
Package: translations 2022/02/05 v1.12 internationalization of LaTeX2e packages
 (CN)

(C:\Program Files\MiKTeX\tex/latex/etoolbox\etoolbox.sty
Package: etoolbox 2025/10/02 v2.5m e-TeX tools for LaTeX (JAW)
\etb@tempcnta=\count298
)
(C:\Program Files\MiKTeX\tex/generic/pdftexcmds\pdftexcmds.sty
Package: pdftexcmds 2020-06-27 v0.33 Utility functions of pdfTeX for LuaTeX (HO
)

(C:\Program Files\MiKTeX\tex/generic/infwarerr\infwarerr.sty
Package: infwarerr 2019/12/03 v1.5 Providing info/warning/error messages (HO)
)
(C:\Program Files\MiKTeX\tex/generic/iftex\iftex.sty
Package: iftex 2024/12/12 v1.0g TeX engine tests
)
(C:\Program Files\MiKTeX\tex/generic/ltxcmds\ltxcmds.sty
Package: ltxcmds 2023-12-04 v1.26 LaTeX kernel commands for general use (HO)
)
Package pdftexcmds Info: \pdf@primitive is available.
Package pdftexcmds Info: \pdf@ifprimitive is available.
Package pdftexcmds Info: \pdfdraftmode not found.
))
(C:\Program Files\MiKTeX\tex/latex/amsmath\amstext.sty
Package: amstext 2024/11/17 v2.01 AMS text

(C:\Program Files\MiKTeX\tex/latex/amsmath\amsgen.sty
File: amsgen.sty 1999/11/30 v2.0 generic functions
\@emptytoks=\toks20
\ex@=\dimen150
))
\l__siunitx_table_tmp_box=\box53
\l__siunitx_table_tmp_dim=\dimen151
\l__siunitx_table_column_width_dim=\dimen152
\l__siunitx_table_integer_box=\box54
\l__siunitx_table_decimal_box=\box55
\l__siunitx_table_uncert_box=\box56
\l__siunitx_table_before_box=\box57
\l__siunitx_table_after_box=\box58
\l__siunitx_table_before_dim=\dimen153
\l__siunitx_table_carry_dim=\dimen154
\l__siunitx_unit_tmp_int=\count299
\l__siunitx_unit_position_int=\count300
\l__siunitx_unit_total_int=\count301
\l__siunitx_sexagesimal_tmp_dim=\dimen155
\l__siunitx_sexagesimal_marker_box=\box59
\l__siunitx_sexagesimal_unit_box=\box60

(C:\Program Files\MiKTeX\tex/latex/tools\array.sty
Package: array 2025/09/25 v2.6n Tabular extension package (FMi)
\col@sep=\dimen156
\ar@mcellbox=\box61
\extrarowheight=\dimen157
\NC@list=\toks21
\extratabsurround=\skip51
\backup@length=\skip52
\ar@cellbox=\box62
))
(C:\Program Files\MiKTeX\tex/latex/hyperref\hyperref.sty
Package: hyperref 2025-07-12 v7.01o Hypertext links for LaTeX

(C:\Program Files\MiKTeX\tex/latex/graphics\keyval.sty
Package: keyval 2022/05/29 v1.15 key=value parser (DPC)
\KV@toks@=\toks22
)
(C:\Program Files\MiKTeX\tex/latex/kvsetkeys\kvsetkeys.sty
Package: kvsetkeys 2022-10-05 v1.19 Key value parser (HO)
)
(C:\Program Files\MiKTeX\tex/generic/kvdefinekeys\kvdefinekeys.sty
Package: kvdefinekeys 2019-12-19 v1.6 Define keys (HO)
)
(C:\Program Files\MiKTeX\tex/generic/pdfescape\pdfescape.sty
Package: pdfescape 2019/12/09 v1.15 Implements pdfTeX's escape features (HO)
)
(C:\Program Files\MiKTeX\tex/latex/hycolor\hycolor.sty
Package: hycolor 2020-01-27 v1.10 Color options for hyperref/bookmark (HO)
)
(C:\Program Files\MiKTeX\tex/latex/hyperref\nameref.sty
Package: nameref 2025-06-21 v2.57 Cross-referencing by name of section

(C:\Program Files\MiKTeX\tex/latex/refcount\refcount.sty
Package: refcount 2019/12/15 v3.6 Data extraction from label references (HO)
)
(C:\Program Files\MiKTeX\tex/generic/gettitlestring\gettitlestring.sty
Package: gettitlestring 2019/12/15 v1.6 Cleanup title references (HO)

(C:\Program Files\MiKTeX\tex/latex/kvoptions\kvoptions.sty
Package: kvoptions 2022-06-15 v3.15 Key value format for package options (HO)
))
\c@section@level=\count302
)
(C:\Program Files\MiKTeX\tex/generic/stringenc\stringenc.sty
Package: stringenc 2019/11/29 v1.12 Convert strings between diff. encodings (HO
)
)
\@linkdim=\dimen158
\Hy@linkcounter=\count303
\Hy@pagecounter=\count304

(C:\Program Files\MiKTeX\tex/latex/hyperref\pd1enc.def
File: pd1enc.def 2025-07-12 v7.01o Hyperref: PDFDocEncoding definition (HO)
)
(C:\Program Files\MiKTeX\tex/generic/intcalc\intcalc.sty
Package: intcalc 2019/12/15 v1.3 Expandable calculations with integers (HO)
)
\Hy@SavedSpaceFactor=\count305

(C:\Program Files\MiKTeX\tex/latex/hyperref\puenc.def
File: puenc.def 2025-07-12 v7.01o Hyperref: PDF Unicode definition (HO)
)
Package hyperref Info: Option `hyperindex' set `true' on input line 4066.
Package hyperref Info: Option `colorlinks' set `true' on input line 4066.
Package hyperref Info: Option `breaklinks' set `true' on input line 4066.
Package hyperref Info: Option `hyperfigures' set `true' on input line 4066.
Package hyperref Info: Hyper figures ON on input line 4193.
Package hyperref Info: Link nesting OFF on input line 4200.
Package hyperref Info: Hyper index ON on input line 4203.
Package hyperref Info: Plain pages OFF on input line 4210.
Package hyperref Info: Backreferencing OFF on input line 4215.
Package hyperref Info: Implicit mode ON; LaTeX internals redefined.
Package hyperref Info: Bookmarks ON on input line 4462.
\c@Hy@tempcnt=\count306

(C:\Program Files\MiKTeX\tex/latex/url\url.sty
\Urlmuskip=\muskip17
Package: url 2013/09/16  ver 3.4  Verb mode for urls, etc.
)
LaTeX Info: Redefining \url on input line 4801.
\XeTeXLinkMargin=\dimen159

(C:\Program Files\MiKTeX\tex/generic/bitset\bitset.sty
Package: bitset 2019/12/09 v1.3 Handle bit-vector datatype (HO)

(C:\Program Files\MiKTeX\tex/generic/bigintcalc\bigintcalc.sty
Package: bigintcalc 2019/12/15 v1.5 Expandable calculations on big integers (HO
)
))
\Fld@menulength=\count307
\Field@Width=\dimen160
\Fld@charsize=\dimen161
Package hyperref Info: Hyper figures ON on input line 6076.
Package hyperref Info: Link nesting OFF on input line 6083.
Package hyperref Info: Hyper index ON on input line 6086.
Package hyperref Info: backreferencing OFF on input line 6093.
Package hyperref Info: Link coloring ON on input line 6096.
Package hyperref Info: Link coloring with OCG OFF on input line 6103.
Package hyperref Info: PDF/A mode OFF on input line 6108.
\Hy@abspage=\count308
\c@Item=\count309
\c@Hfootnote=\count310
)
Package hyperref Info: Driver (autodetected): hxetex.

(C:\Program Files\MiKTeX\tex/latex/hyperref\hxetex.def
File: hxetex.def 2025-07-12 v7.01o Hyperref driver for XeTeX
\pdfm@box=\box63
\c@Hy@AnnotLevel=\count311
\HyField@AnnotCount=\count312
\Fld@listcount=\count313
\c@bookmark@seq@number=\count314

(C:\Program Files\MiKTeX\tex/latex/rerunfilecheck\rerunfilecheck.sty
Package: rerunfilecheck 2025-06-21 v1.11 Rerun checks for auxiliary files (HO)

(C:\Program Files\MiKTeX\tex/generic/uniquecounter\uniquecounter.sty
Package: uniquecounter 2019/12/15 v1.4 Provide unlimited unique counter (HO)
)
Package uniquecounter Info: New unique counter `rerunfilecheck' on input line 2
84.
)
\Hy@SectionHShift=\skip53
)
(C:\Program Files\MiKTeX\tex/latex/lipsum\lipsum.sty
(C:\Program Files\MiKTeX\tex/latex/l3packages/l3keys2e\l3keys2e.sty
Package: l3keys2e 2025-10-09 LaTeX2e option processing using LaTeX3 keys
)
Package: lipsum 2021-09-20 v2.7 150 paragraphs of Lorem Ipsum dummy text
\g__lipsum_par_int=\count315
\l__lipsum_a_int=\count316
\l__lipsum_b_int=\count317

(C:\Program Files\MiKTeX\tex/latex/lipsum\lipsum.ltd.tex))
(C:\Program Files\MiKTeX\tex/latex/graphics\rotating.sty
Package: rotating 2025/01/14 v2.16e rotated objects in LaTeX

(C:\Program Files\MiKTeX\tex/latex/graphics\graphicx.sty
Package: graphicx 2024/12/31 v1.2e Enhanced LaTeX Graphics (DPC,SPQR)

(C:\Program Files\MiKTeX\tex/latex/graphics\graphics.sty
Package: graphics 2024/08/06 v1.4g Standard LaTeX Graphics (DPC,SPQR)

(C:\Program Files\MiKTeX\tex/latex/graphics\trig.sty
Package: trig 2023/12/02 v1.11 sin cos tan (DPC)
)
(C:\Program Files\MiKTeX\tex/latex/graphics-cfg\graphics.cfg
File: graphics.cfg 2016/06/04 v1.11 sample graphics configuration
)
Package graphics Info: Driver file: xetex.def on input line 106.
)
\Gin@req@height=\dimen162
\Gin@req@width=\dimen163
)
(C:\Program Files\MiKTeX\tex/latex/base\ifthen.sty
Package: ifthen 2024/03/16 v1.1e Standard LaTeX ifthen package (DPC)
)
\c@r@tfl@t=\count318
\rotFPtop=\skip54
\rotFPbot=\skip55
\rot@float@box=\box64
\rot@mess@toks=\toks23
)
(C:\Program Files\MiKTeX\tex/latex/comment\comment.sty
\CommentStream=\write3

Excluding comment 'comment')
(C:\Program Files\MiKTeX\tex/latex/pdfpages\pdfpages.sty
Package: pdfpages 2026/03/30 v0.6h Insert pages of external PDF documents (AM)

(C:\Program Files\MiKTeX\tex/latex/tools\calc.sty
Package: calc 2025/03/01 v4.3b Infix arithmetic (KKT,FJ)
\calc@Acount=\count319
\calc@Bcount=\count320
\calc@Adimen=\dimen164
\calc@Bdimen=\dimen165
\calc@Askip=\skip56
\calc@Bskip=\skip57
LaTeX Info: Redefining \setlength on input line 86.
LaTeX Info: Redefining \addtolength on input line 87.
\calc@Ccount=\count321
\calc@Cskip=\skip58
)
(C:\Program Files\MiKTeX\tex/latex/eso-pic\eso-pic.sty
Package: eso-pic 2026/05/31 v3.0e eso-pic (RN)
\ESO@tempdima=\dimen166
\ESO@tempdimb=\dimen167
)
\AM@pagewidth=\dimen168
\AM@pageheight=\dimen169
\AM@fboxrule=\dimen170

(C:\Program Files\MiKTeX\tex/latex/pdfpages\ppxetex.def
File: ppxetex.def 2026/03/30 v0.6h Pdfpages driver for XeTeX (AM)
)
\pdfpages@includegraphics@status=\count322
\AM@pagebox=\box65
\AM@global@opts=\toks24
\AM@pagecnt=\count323
\AM@toc@title=\toks25
\AM@lof@heading=\toks26
\c@AM@survey=\count324
\AM@templatesizebox=\box66
)
\oldparindent=\skip59

(C:\Program Files\MiKTeX\tex/latex/geometry\geometry.sty
Package: geometry 2026/03/07 v6.0 Page Geometry

(C:\Program Files\MiKTeX\tex/generic/iftex\ifvtex.sty
Package: ifvtex 2019/10/25 v1.7 ifvtex legacy package. Use iftex instead.
)
\Gm@cnth=\count325
\Gm@cntv=\count326
\c@Gm@tempcnt=\count327
\Gm@bindingoffset=\dimen171
\Gm@wd@mp=\dimen172
\Gm@odd@mp=\dimen173
\Gm@even@mp=\dimen174
\Gm@layoutwidth=\dimen175
\Gm@layoutheight=\dimen176
\Gm@layouthoffset=\dimen177
\Gm@layoutvoffset=\dimen178
\Gm@dimlist=\toks27

(C:\Program Files\MiKTeX\tex/latex/geometry\geometry.cfg))
(C:\Program Files\MiKTeX\tex/latex/tools\multicol.sty
Package: multicol 2025/10/21 v2.0b multicolumn formatting (FMi)
\c@tracingmulticols=\count328
\mult@box=\box67
\multicol@leftmargin=\dimen179
\c@unbalance=\count329
\c@collectmore=\count330
\doublecol@number=\count331
\multicoltolerance=\count332
\multicolpretolerance=\count333
\full@width=\dimen180
\page@free=\dimen181
\premulticols=\dimen182
\postmulticols=\dimen183
\multicolsep=\skip60
\multicolbaselineskip=\skip61
\partial@page=\box68
\last@line=\box69
\mc@boxedresult=\box70
\maxbalancingoverflow=\dimen184
\mult@rightbox=\box71
\mult@grightbox=\box72
\mult@firstbox=\box73
\mult@gfirstbox=\box74
\@tempa=\box75
\@tempa=\box76
\@tempa=\box77
\@tempa=\box78
\@tempa=\box79
\@tempa=\box80
\@tempa=\box81
\@tempa=\box82
\@tempa=\box83
\@tempa=\box84
\@tempa=\box85
\@tempa=\box86
\@tempa=\box87
\@tempa=\box88
\@tempa=\box89
\@tempa=\box90
\@tempa=\box91
\@tempa=\box92
\@tempa=\box93
\@tempa=\box94
\@tempa=\box95
\@tempa=\box96
\@tempa=\box97
\@tempa=\box98
\@tempa=\box99
\@tempa=\box100
\@tempa=\box101
\@tempa=\box102
\@tempa=\box103
\@tempa=\box104
\@tempa=\box105
\@tempa=\box106
\@tempa=\box107
\@tempa=\box108
\@tempa=\box109
\@tempa=\box110
\c@minrows=\count334
\c@columnbadness=\count335
\c@finalcolumnbadness=\count336
\last@try=\dimen185
\multicolovershoot=\dimen186
\multicolundershoot=\dimen187
\mult@nat@firstbox=\box111
\colbreak@box=\box112
\mc@col@check@num=\count337
\g__mc_curr_col_int=\count338
)
(C:\Program Files\MiKTeX\tex/latex/pdflscape\pdflscape.sty
Package: pdflscape 2022-10-27 v0.13 Display of landscape pages in PDF

(C:\Program Files\MiKTeX\tex/latex/pdflscape\pdflscape-nometadata.sty
Package: pdflscape-nometadata 2022-10-28 v0.13 Display of landscape pages in PD
F (HO)

(C:\Program Files\MiKTeX\tex/latex/graphics\lscape.sty
Package: lscape 2020/05/28 v3.02 Landscape Pages (DPC)
)
Package pdflscape Info: Auto-detected driver: dvipdfm (xetex) on input line 98.

))
(C:\Program Files\MiKTeX\tex/latex/pgf/frontendlayer\tikz.sty
(C:\Program Files\MiKTeX\tex/latex/pgf/basiclayer\pgf.sty
(C:\Program Files\MiKTeX\tex/latex/pgf/utilities\pgfrcs.sty
(C:\Program Files\MiKTeX\tex/generic/pgf/utilities\pgfutil-common.tex
\pgfutil@everybye=\toks28
\pgfutil@tempdima=\dimen188
\pgfutil@tempdimb=\dimen189
)
(C:\Program Files\MiKTeX\tex/generic/pgf/utilities\pgfutil-latex.def
\pgfutil@abb=\box113
)
(C:\Program Files\MiKTeX\tex/generic/pgf/utilities\pgfrcs.code.tex
(C:\Program Files\MiKTeX\tex/generic/pgf\pgf.revision.tex)
Package: pgfrcs 2025-08-29 v3.1.11a (3.1.11a)
))
Package: pgf 2025-08-29 v3.1.11a (3.1.11a)

(C:\Program Files\MiKTeX\tex/latex/pgf/basiclayer\pgfcore.sty
(C:\Program Files\MiKTeX\tex/latex/pgf/systemlayer\pgfsys.sty
(C:\Program Files\MiKTeX\tex/generic/pgf/systemlayer\pgfsys.code.tex
Package: pgfsys 2025-08-29 v3.1.11a (3.1.11a)

(C:\Program Files\MiKTeX\tex/generic/pgf/utilities\pgfkeys.code.tex
\pgfkeys@pathtoks=\toks29
\pgfkeys@temptoks=\toks30

(C:\Program Files\MiKTeX\tex/generic/pgf/utilities\pgfkeyslibraryfiltered.code.
tex
\pgfkeys@tmptoks=\toks31
))
\pgf@x=\dimen190
\pgf@y=\dimen191
\pgf@xa=\dimen192
\pgf@ya=\dimen193
\pgf@xb=\dimen194
\pgf@yb=\dimen195
\pgf@xc=\dimen196
\pgf@yc=\dimen197
\pgf@xd=\dimen198
\pgf@yd=\dimen199
\w@pgf@writea=\write4
\r@pgf@reada=\read3
\c@pgf@counta=\count339
\c@pgf@countb=\count340
\c@pgf@countc=\count341
\c@pgf@countd=\count342
\t@pgf@toka=\toks32
\t@pgf@tokb=\toks33
\t@pgf@tokc=\toks34
\pgf@sys@id@count=\count343
 (C:\Program Files\MiKTeX\tex/generic/pgf/systemlayer\pgf.cfg
File: pgf.cfg 2025-08-29 v3.1.11a (3.1.11a)
)
Driver file for pgf: pgfsys-xetex.def

(C:\Program Files\MiKTeX\tex/generic/pgf/systemlayer\pgfsys-xetex.def
File: pgfsys-xetex.def 2025-08-29 v3.1.11a (3.1.11a)

(C:\Program Files\MiKTeX\tex/generic/pgf/systemlayer\pgfsys-dvipdfmx.def
File: pgfsys-dvipdfmx.def 2025-08-29 v3.1.11a (3.1.11a)

(C:\Program Files\MiKTeX\tex/generic/pgf/systemlayer\pgfsys-common-pdf.def
File: pgfsys-common-pdf.def 2025-08-29 v3.1.11a (3.1.11a)
)
\pgfsys@objnum=\count344
)))
(C:\Program Files\MiKTeX\tex/generic/pgf/systemlayer\pgfsyssoftpath.code.tex
File: pgfsyssoftpath.code.tex 2025-08-29 v3.1.11a (3.1.11a)
\pgfsyssoftpath@smallbuffer@items=\count345
\pgfsyssoftpath@bigbuffer@items=\count346
)
(C:\Program Files\MiKTeX\tex/generic/pgf/systemlayer\pgfsysprotocol.code.tex
File: pgfsysprotocol.code.tex 2025-08-29 v3.1.11a (3.1.11a)
))
(C:\Program Files\MiKTeX\tex/generic/pgf/basiclayer\pgfcore.code.tex
Package: pgfcore 2025-08-29 v3.1.11a (3.1.11a)

(C:\Program Files\MiKTeX\tex/generic/pgf/math\pgfmath.code.tex
(C:\Program Files\MiKTeX\tex/generic/pgf/math\pgfmathutil.code.tex)
(C:\Program Files\MiKTeX\tex/generic/pgf/math\pgfmathparser.code.tex
\pgfmath@dimen=\dimen256
\pgfmath@count=\count347
\pgfmath@box=\box114
\pgfmath@toks=\toks35
\pgfmath@stack@operand=\toks36
\pgfmath@stack@operation=\toks37
)
(C:\Program Files\MiKTeX\tex/generic/pgf/math\pgfmathfunctions.code.tex)
(C:\Program Files\MiKTeX\tex/generic/pgf/math\pgfmathfunctions.basic.code.tex)
(C:\Program Files\MiKTeX\tex/generic/pgf/math\pgfmathfunctions.trigonometric.co
de.tex)
(C:\Program Files\MiKTeX\tex/generic/pgf/math\pgfmathfunctions.random.code.tex)

(C:\Program Files\MiKTeX\tex/generic/pgf/math\pgfmathfunctions.comparison.code.
tex)
(C:\Program Files\MiKTeX\tex/generic/pgf/math\pgfmathfunctions.base.code.tex)
(C:\Program Files\MiKTeX\tex/generic/pgf/math\pgfmathfunctions.round.code.tex)
(C:\Program Files\MiKTeX\tex/generic/pgf/math\pgfmathfunctions.misc.code.tex)
(C:\Program Files\MiKTeX\tex/generic/pgf/math\pgfmathfunctions.integerarithmeti
cs.code.tex) (C:\Program Files\MiKTeX\tex/generic/pgf/math\pgfmathcalc.code.tex
) (C:\Program Files\MiKTeX\tex/generic/pgf/math\pgfmathfloat.code.tex
\c@pgfmathroundto@lastzeros=\count348
))
(C:\Program Files\MiKTeX\tex/generic/pgf/math\pgfint.code.tex)
(C:\Program Files\MiKTeX\tex/generic/pgf/basiclayer\pgfcorepoints.code.tex
File: pgfcorepoints.code.tex 2025-08-29 v3.1.11a (3.1.11a)
\pgf@picminx=\dimen257
\pgf@picmaxx=\dimen258
\pgf@picminy=\dimen259
\pgf@picmaxy=\dimen260
\pgf@pathminx=\dimen261
\pgf@pathmaxx=\dimen262
\pgf@pathminy=\dimen263
\pgf@pathmaxy=\dimen264
\pgf@xx=\dimen265
\pgf@xy=\dimen266
\pgf@yx=\dimen267
\pgf@yy=\dimen268
\pgf@zx=\dimen269
\pgf@zy=\dimen270
)
(C:\Program Files\MiKTeX\tex/generic/pgf/basiclayer\pgfcorepathconstruct.code.t
ex
File: pgfcorepathconstruct.code.tex 2025-08-29 v3.1.11a (3.1.11a)
\pgf@path@lastx=\dimen271
\pgf@path@lasty=\dimen272
)
(C:\Program Files\MiKTeX\tex/generic/pgf/basiclayer\pgfcorepathusage.code.tex
File: pgfcorepathusage.code.tex 2025-08-29 v3.1.11a (3.1.11a)
\pgf@shorten@end@additional=\dimen273
\pgf@shorten@start@additional=\dimen274
)
(C:\Program Files\MiKTeX\tex/generic/pgf/basiclayer\pgfcorescopes.code.tex
File: pgfcorescopes.code.tex 2025-08-29 v3.1.11a (3.1.11a)
\pgfpic=\box115
\pgf@hbox=\box116
\pgf@layerbox@main=\box117
\pgf@picture@serial@count=\count349
)
(C:\Program Files\MiKTeX\tex/generic/pgf/basiclayer\pgfcoregraphicstate.code.te
x
File: pgfcoregraphicstate.code.tex 2025-08-29 v3.1.11a (3.1.11a)
\pgflinewidth=\dimen275
)
(C:\Program Files\MiKTeX\tex/generic/pgf/basiclayer\pgfcoretransformations.code
.tex
File: pgfcoretransformations.code.tex 2025-08-29 v3.1.11a (3.1.11a)
\pgf@pt@x=\dimen276
\pgf@pt@y=\dimen277
\pgf@pt@temp=\dimen278
) (C:\Program Files\MiKTeX\tex/generic/pgf/basiclayer\pgfcorequick.code.tex
File: pgfcorequick.code.tex 2025-08-29 v3.1.11a (3.1.11a)
) (C:\Program Files\MiKTeX\tex/generic/pgf/basiclayer\pgfcoreobjects.code.tex
File: pgfcoreobjects.code.tex 2025-08-29 v3.1.11a (3.1.11a)
)
(C:\Program Files\MiKTeX\tex/generic/pgf/basiclayer\pgfcorepathprocessing.code.
tex
File: pgfcorepathprocessing.code.tex 2025-08-29 v3.1.11a (3.1.11a)
) (C:\Program Files\MiKTeX\tex/generic/pgf/basiclayer\pgfcorearrows.code.tex
File: pgfcorearrows.code.tex 2025-08-29 v3.1.11a (3.1.11a)
\pgfarrowsep=\dimen279
) (C:\Program Files\MiKTeX\tex/generic/pgf/basiclayer\pgfcoreshade.code.tex
File: pgfcoreshade.code.tex 2025-08-29 v3.1.11a (3.1.11a)
\pgf@max=\dimen280
\pgf@sys@shading@range@num=\count350
\pgf@shadingcount=\count351
)
(C:\Program Files\MiKTeX\tex/generic/pgf/basiclayer\pgfcoreimage.code.tex
File: pgfcoreimage.code.tex 2025-08-29 v3.1.11a (3.1.11a)
)
(C:\Program Files\MiKTeX\tex/generic/pgf/basiclayer\pgfcoreexternal.code.tex
File: pgfcoreexternal.code.tex 2025-08-29 v3.1.11a (3.1.11a)
\pgfexternal@startupbox=\box118
)
(C:\Program Files\MiKTeX\tex/generic/pgf/basiclayer\pgfcorelayers.code.tex
File: pgfcorelayers.code.tex 2025-08-29 v3.1.11a (3.1.11a)
)
(C:\Program Files\MiKTeX\tex/generic/pgf/basiclayer\pgfcoretransparency.code.te
x
File: pgfcoretransparency.code.tex 2025-08-29 v3.1.11a (3.1.11a)
) (C:\Program Files\MiKTeX\tex/generic/pgf/basiclayer\pgfcorepatterns.code.tex
File: pgfcorepatterns.code.tex 2025-08-29 v3.1.11a (3.1.11a)
) (C:\Program Files\MiKTeX\tex/generic/pgf/basiclayer\pgfcorerdf.code.tex
File: pgfcorerdf.code.tex 2025-08-29 v3.1.11a (3.1.11a)
)))
(C:\Program Files\MiKTeX\tex/generic/pgf/modules\pgfmoduleshapes.code.tex
File: pgfmoduleshapes.code.tex 2025-08-29 v3.1.11a (3.1.11a)
\pgfnodeparttextbox=\box119
)
(C:\Program Files\MiKTeX\tex/generic/pgf/modules\pgfmoduleplot.code.tex
File: pgfmoduleplot.code.tex 2025-08-29 v3.1.11a (3.1.11a)
)
(C:\Program Files\MiKTeX\tex/latex/pgf/compatibility\pgfcomp-version-0-65.sty
Package: pgfcomp-version-0-65 2025-08-29 v3.1.11a (3.1.11a)
\pgf@nodesepstart=\dimen281
\pgf@nodesepend=\dimen282
)
(C:\Program Files\MiKTeX\tex/latex/pgf/compatibility\pgfcomp-version-1-18.sty
Package: pgfcomp-version-1-18 2025-08-29 v3.1.11a (3.1.11a)
)) (C:\Program Files\MiKTeX\tex/latex/pgf/utilities\pgffor.sty
(C:\Program Files\MiKTeX\tex/latex/pgf/utilities\pgfkeys.sty
(C:\Program Files\MiKTeX\tex/generic/pgf/utilities\pgfkeys.code.tex))
(C:\Program Files\MiKTeX\tex/latex/pgf/math\pgfmath.sty
(C:\Program Files\MiKTeX\tex/generic/pgf/math\pgfmath.code.tex))
(C:\Program Files\MiKTeX\tex/generic/pgf/utilities\pgffor.code.tex
Package: pgffor 2025-08-29 v3.1.11a (3.1.11a)
\pgffor@iter=\dimen283
\pgffor@skip=\dimen284
\pgffor@stack=\toks38
\pgffor@toks=\toks39
))
(C:\Program Files\MiKTeX\tex/generic/pgf/frontendlayer/tikz\tikz.code.tex
Package: tikz 2025-08-29 v3.1.11a (3.1.11a)

(C:\Program Files\MiKTeX\tex/generic/pgf/libraries\pgflibraryplothandlers.code.
tex
File: pgflibraryplothandlers.code.tex 2025-08-29 v3.1.11a (3.1.11a)
\pgf@plot@mark@count=\count352
\pgfplotmarksize=\dimen285
)
\tikz@lastx=\dimen286
\tikz@lasty=\dimen287
\tikz@lastxsaved=\dimen288
\tikz@lastysaved=\dimen289
\tikz@lastmovetox=\dimen290
\tikz@lastmovetoy=\dimen291
\tikzleveldistance=\dimen292
\tikzsiblingdistance=\dimen293
\tikz@figbox=\box120
\tikz@figbox@bg=\box121
\tikz@tempbox=\box122
\tikz@tempbox@bg=\box123
\tikztreelevel=\count353
\tikznumberofchildren=\count354
\tikznumberofcurrentchild=\count355
\tikz@fig@count=\count356
 (C:\Program Files\MiKTeX\tex/generic/pgf/modules\pgfmodulematrix.code.tex
File: pgfmodulematrix.code.tex 2025-08-29 v3.1.11a (3.1.11a)
\pgfmatrixcurrentrow=\count357
\pgfmatrixcurrentcolumn=\count358
\pgf@matrix@numberofcolumns=\count359
)
\tikz@expandcount=\count360

(C:\Program Files\MiKTeX\tex/generic/pgf/frontendlayer/tikz/libraries\tikzlibra
rytopaths.code.tex
File: tikzlibrarytopaths.code.tex 2025-08-29 v3.1.11a (3.1.11a)
)))
(C:\Program Files\MiKTeX\tex/latex/niceframe\niceframe.sty
Package: niceframe 2009/31/08 v1.1c niceframe package (MO)

Package: niceframe v1.1c <2009/31/08> (Marcus Ohlhaut)
\nicefr@mechar=\skip62
\nicefr@mewidth=\skip63
\nicefr@meheight=\skip64
\@ldhsize=\skip65
\c@times=\count361
\fr@mecharTT=\skip66
\fr@mecharLL=\skip67
\fr@mewidth=\skip68
\fr@meheight=\skip69
) (C:\Program Files\MiKTeX\tex/latex/bclogo\bclogo.sty
Package: bclogo 2024/01/23 v3.15

(C:\Program Files\MiKTeX\tex/latex/xkeyval\xkeyval.sty
Package: xkeyval 2022/06/16 v2.9 package option processing (HA)

(C:\Program Files\MiKTeX\tex/generic/xkeyval\xkeyval.tex
(C:\Program Files\MiKTeX\tex/generic/xkeyval\xkvutils.tex
\XKV@toks=\toks40
\XKV@tempa@toks=\toks41
)
\XKV@depth=\count362
File: xkeyval.tex 2014/12/03 v2.7a key=value parser (HA)
))
\bc@invboxh=\skip70
\bc@invboxd=\skip71
\bc@titleLength=\skip72
\logowidth=\skip73

(C:\Program Files\MiKTeX\tex/latex/mdframed\mdframed.sty
Package: mdframed 2013/07/01 1.9b: mdframed

(C:\Program Files\MiKTeX\tex/latex/zref\zref-abspage.sty
Package: zref-abspage 2026-03-07 v2.37 Module abspage for zref (HO)

(C:\Program Files\MiKTeX\tex/latex/zref\zref-base.sty
Package: zref-base 2026-03-07 v2.37 Module base for zref (HO)

(C:\Program Files\MiKTeX\tex/generic/etexcmds\etexcmds.sty
Package: etexcmds 2019/12/15 v1.7 Avoid name clashes with e-TeX commands (HO)
)
(C:\Program Files\MiKTeX\tex/latex/auxhook\auxhook.sty
Package: auxhook 2019-12-17 v1.6 Hooks for auxiliary files (HO)
)
Package zref Info: New property list: main on input line 767.
Package zref Info: New property: default on input line 768.
Package zref Info: New property: page on input line 769.
)
\c@abspage=\count363
Package zref Info: New property: abspage on input line 67.
)
(C:\Program Files\MiKTeX\tex/latex/needspace\needspace.sty
Package: needspace 2025/03/13 v1.3e reserve vertical space
)
\mdf@templength=\skip74
\c@mdf@globalstyle@cnt=\count364
\mdf@skipabove@length=\skip75
\mdf@skipbelow@length=\skip76
\mdf@leftmargin@length=\skip77
\mdf@rightmargin@length=\skip78
\mdf@innerleftmargin@length=\skip79
\mdf@innerrightmargin@length=\skip80
\mdf@innertopmargin@length=\skip81
\mdf@innerbottommargin@length=\skip82
\mdf@splittopskip@length=\skip83
\mdf@splitbottomskip@length=\skip84
\mdf@outermargin@length=\skip85
\mdf@innermargin@length=\skip86
\mdf@linewidth@length=\skip87
\mdf@innerlinewidth@length=\skip88
\mdf@middlelinewidth@length=\skip89
\mdf@outerlinewidth@length=\skip90
\mdf@roundcorner@length=\skip91
\mdf@footenotedistance@length=\skip92
\mdf@userdefinedwidth@length=\skip93
\mdf@needspace@length=\skip94
\mdf@frametitleaboveskip@length=\skip95
\mdf@frametitlebelowskip@length=\skip96
\mdf@frametitlerulewidth@length=\skip97
\mdf@frametitleleftmargin@length=\skip98
\mdf@frametitlerightmargin@length=\skip99
\mdf@shadowsize@length=\skip100
\mdf@extratopheight@length=\skip101
\mdf@subtitleabovelinewidth@length=\skip102
\mdf@subtitlebelowlinewidth@length=\skip103
\mdf@subtitleaboveskip@length=\skip104
\mdf@subtitlebelowskip@length=\skip105
\mdf@subtitleinneraboveskip@length=\skip106
\mdf@subtitleinnerbelowskip@length=\skip107
\mdf@subsubtitleabovelinewidth@length=\skip108
\mdf@subsubtitlebelowlinewidth@length=\skip109
\mdf@subsubtitleaboveskip@length=\skip110
\mdf@subsubtitlebelowskip@length=\skip111
\mdf@subsubtitleinneraboveskip@length=\skip112
\mdf@subsubtitleinnerbelowskip@length=\skip113

(C:\Program Files\MiKTeX\tex/latex/mdframed\md-frame-1.mdf
File: md-frame-1.mdf 2013/07/01\ 1.9b: md-frame-1
)
\mdf@frametitlebox=\box124
\mdf@footnotebox=\box125
\mdf@splitbox@one=\box126
\mdf@splitbox@two=\box127
\mdf@splitbox@save=\box128
\mdfsplitboxwidth=\skip114
\mdfsplitboxtotalwidth=\skip115
\mdfsplitboxheight=\skip116
\mdfsplitboxdepth=\skip117
\mdfsplitboxtotalheight=\skip118
\mdfframetitleboxwidth=\skip119
\mdfframetitleboxtotalwidth=\skip120
\mdfframetitleboxheight=\skip121
\mdfframetitleboxdepth=\skip122
\mdfframetitleboxtotalheight=\skip123
\mdffootnoteboxwidth=\skip124
\mdffootnoteboxtotalwidth=\skip125
\mdffootnoteboxheight=\skip126
\mdffootnoteboxdepth=\skip127
\mdffootnoteboxtotalheight=\skip128
\mdftotallinewidth=\skip129
\mdfboundingboxwidth=\skip130
\mdfboundingboxtotalwidth=\skip131
\mdfboundingboxheight=\skip132
\mdfboundingboxdepth=\skip133
\mdfboundingboxtotalheight=\skip134
\mdf@freevspace@length=\skip135
\mdf@horizontalwidthofbox@length=\skip136
\mdf@verticalmarginwhole@length=\skip137
\mdf@horizontalspaceofbox=\skip138
\mdfsubtitleheight=\skip139
\mdfsubsubtitleheight=\skip140
\c@mdfcountframes=\count365

****** mdframed patching \endmdf@trivlist

****** -- success******

\mdf@envdepth=\count366
\c@mdf@env@i=\count367
\c@mdf@env@ii=\count368
\c@mdf@zref@counter=\count369
Package zref Info: New property: mdf@pagevalue on input line 895.
)
(C:\Program Files\MiKTeX\tex/generic/pgf/frontendlayer/tikz/libraries\tikzlibra
ryshadows.code.tex
File: tikzlibraryshadows.code.tex 2025-08-29 v3.1.11a (3.1.11a)

(C:\Program Files\MiKTeX\tex/generic/pgf/frontendlayer/tikz/libraries\tikzlibra
ryfadings.code.tex
File: tikzlibraryfadings.code.tex 2025-08-29 v3.1.11a (3.1.11a)

(C:\Program Files\MiKTeX\tex/generic/pgf/libraries\pgflibraryfadings.code.tex
File: pgflibraryfadings.code.tex 2025-08-29 v3.1.11a (3.1.11a)
)))
(C:\Program Files\MiKTeX\tex/generic/pgf/frontendlayer/tikz/libraries\tikzlibra
rydecorations.pathmorphing.code.tex
(C:\Program Files\MiKTeX\tex/generic/pgf/frontendlayer/tikz/libraries\tikzlibra
rydecorations.code.tex
(C:\Program Files\MiKTeX\tex/generic/pgf/modules\pgfmoduledecorations.code.tex
\pgfdecoratedcompleteddistance=\dimen294
\pgfdecoratedremainingdistance=\dimen295
\pgfdecoratedinputsegmentcompleteddistance=\dimen296
\pgfdecoratedinputsegmentremainingdistance=\dimen297
\pgf@decorate@distancetomove=\dimen298
\pgf@decorate@repeatstate=\count370
\pgfdecorationsegmentamplitude=\dimen299
\pgfdecorationsegmentlength=\dimen300
)
\tikz@lib@dec@box=\box129
)
(C:\Program Files\MiKTeX\tex/generic/pgf/libraries/decorations\pgflibrarydecora
tions.pathmorphing.code.tex))
(C:\Program Files\MiKTeX\tex/generic/iftex\ifpdf.sty
Package: ifpdf 2019/10/25 v3.4 ifpdf legacy package. Use iftex instead.
)
\c@bclogocompteur=\count371
\bcval@epBarre=\skip141
\bcval@framesep=\skip142
\bcval@tailleOndu=\skip143
\bcval@borderWidth=\skip144
\bcval@margeG=\skip145
\bcval@margeD=\skip146
\bc@envbox=\box130
)
(C:\Program Files\MiKTeX\tex/latex/lm\lmodern.sty
Package: lmodern 2015/05/01 v1.6.1 Latin Modern Fonts
LaTeX Font Info:    Overwriting symbol font `operators' in version `normal'
(Font)                  OT1/cmr/m/n --> OT1/lmr/m/n on input line 22.
LaTeX Font Info:    Overwriting symbol font `letters' in version `normal'
(Font)                  OML/cmm/m/it --> OML/lmm/m/it on input line 23.
LaTeX Font Info:    Overwriting symbol font `symbols' in version `normal'
(Font)                  OMS/cmsy/m/n --> OMS/lmsy/m/n on input line 24.
LaTeX Font Info:    Overwriting symbol font `largesymbols' in version `normal'
(Font)                  OMX/cmex/m/n --> OMX/lmex/m/n on input line 25.
LaTeX Font Info:    Overwriting symbol font `operators' in version `bold'
(Font)                  OT1/cmr/bx/n --> OT1/lmr/bx/n on input line 26.
LaTeX Font Info:    Overwriting symbol font `letters' in version `bold'
(Font)                  OML/cmm/b/it --> OML/lmm/b/it on input line 27.
LaTeX Font Info:    Overwriting symbol font `symbols' in version `bold'
(Font)                  OMS/cmsy/b/n --> OMS/lmsy/b/n on input line 28.
LaTeX Font Info:    Overwriting symbol font `largesymbols' in version `bold'
(Font)                  OMX/cmex/m/n --> OMX/lmex/m/n on input line 29.
LaTeX Font Info:    Overwriting math alphabet `\mathbf' in version `normal'
(Font)                  OT1/cmr/bx/n --> OT1/lmr/bx/n on input line 31.
LaTeX Font Info:    Overwriting math alphabet `\mathsf' in version `normal'
(Font)                  OT1/cmss/m/n --> OT1/lmss/m/n on input line 32.
LaTeX Font Info:    Overwriting math alphabet `\mathit' in version `normal'
(Font)                  OT1/cmr/m/it --> OT1/lmr/m/it on input line 33.
LaTeX Font Info:    Overwriting math alphabet `\mathtt' in version `normal'
(Font)                  OT1/cmtt/m/n --> OT1/lmtt/m/n on input line 34.
LaTeX Font Info:    Overwriting math alphabet `\mathbf' in version `bold'
(Font)                  OT1/cmr/bx/n --> OT1/lmr/bx/n on input line 35.
LaTeX Font Info:    Overwriting math alphabet `\mathsf' in version `bold'
(Font)                  OT1/cmss/bx/n --> OT1/lmss/bx/n on input line 36.
LaTeX Font Info:    Overwriting math alphabet `\mathit' in version `bold'
(Font)                  OT1/cmr/bx/it --> OT1/lmr/bx/it on input line 37.
LaTeX Font Info:    Overwriting math alphabet `\mathtt' in version `bold'
(Font)                  OT1/cmtt/m/n --> OT1/lmtt/m/n on input line 38.
)
(C:\Program Files\MiKTeX\tex/generic/pgf/frontendlayer/tikz/libraries\tikzlibra
rycalc.code.tex
File: tikzlibrarycalc.code.tex 2025-08-29 v3.1.11a (3.1.11a)
)
(C:\Program Files\MiKTeX\tex/generic/pgf/frontendlayer/tikz/libraries\tikzlibra
ryfit.code.tex
File: tikzlibraryfit.code.tex 2025-08-29 v3.1.11a (3.1.11a)
)
(C:\Program Files\MiKTeX\tex/generic/pgf/frontendlayer/tikz/libraries\tikzlibra
ryarrows.code.tex
File: tikzlibraryarrows.code.tex 2025-08-29 v3.1.11a (3.1.11a)

(C:\Program Files\MiKTeX\tex/generic/pgf/libraries\pgflibraryarrows.code.tex
File: pgflibraryarrows.code.tex 2025-08-29 v3.1.11a (3.1.11a)
\arrowsize=\dimen301
))
(C:\Program Files\MiKTeX\tex/generic/pgf/frontendlayer/tikz/libraries\tikzlibra
rypositioning.code.tex
File: tikzlibrarypositioning.code.tex 2025-08-29 v3.1.11a (3.1.11a)
)
\pgf@layerbox@background=\box131
\pgf@layerboxsaved@background=\box132
\pgf@layerbox@foreground=\box133
\pgf@layerboxsaved@foreground=\box134

(C:\Program Files\MiKTeX\tex/generic/pgf/frontendlayer/tikz/libraries\tikzlibra
rybending.code.tex
File: tikzlibrarybending.code.tex 2025-08-29 v3.1.11a (3.1.11a)

(C:\Program Files\MiKTeX\tex/generic/pgf/modules\pgfmodulebending.code.tex
File: pgfmodulebending.code.tex 2025-08-29 v3.1.11a (3.1.11a)

(C:\Program Files\MiKTeX\tex/generic/pgf/modules\pgfmodulenonlineartransformati
ons.code.tex
File: pgfmodulenonlineartransformations.code.tex 2025-08-29 v3.1.11a (3.1.11a)
\pgftransformnonlinearflatness=\dimen302
)
(C:\Program Files\MiKTeX\tex/generic/pgf/libraries\pgflibrarycurvilinear.code.t
ex
File: pgflibrarycurvilinear.code.tex 2025-08-29 v3.1.11a (3.1.11a)
\pgf@curvilinear@time@a=\dimen303
\pgf@curvilinear@length@a=\dimen304
\pgf@curvilinear@length@b=\dimen305
\pgf@curvilinear@length@c=\dimen306
\pgf@curvilinear@length@d=\dimen307
)
\pgf@arrows@the@rigidity=\dimen308
))
(C:\Program Files\MiKTeX\tex/generic/pgf/frontendlayer/tikz/libraries\tikzlibra
ryintersections.code.tex
(C:\Program Files\MiKTeX\tex/generic/pgf/libraries\pgflibraryintersections.code
.tex (C:\Program Files\MiKTeX\tex/generic/pgf/libraries\pgflibraryfpu.code.tex)
\pgf@intersect@solutions=\count372
))
(C:\Program Files\MiKTeX\tex/generic/pgf/frontendlayer/tikz/libraries\tikzlibra
rydecorations.markings.code.tex
(C:\Program Files\MiKTeX\tex/generic/pgf/libraries/decorations\pgflibrarydecora
tions.markings.code.tex))
(C:\Program Files\MiKTeX\tex/latex/tcolorbox\tcolorbox.sty
Package: tcolorbox 2025/11/28 version 6.9.0 text color boxes

(C:\Program Files\MiKTeX\tex/latex/tools\verbatim.sty
Package: verbatim 2024-01-22 v1.5x LaTeX2e package for verbatim enhancements
\every@verbatim=\toks42
\verbatim@line=\toks43
\verbatim@in@stream=\read4
)
(C:\Program Files\MiKTeX\tex/latex/environ\environ.sty
Package: environ 2014/05/04 v0.3 A new way to define environments

(C:\Program Files\MiKTeX\tex/latex/trimspaces\trimspaces.sty
Package: trimspaces 2009/09/17 v1.1 Trim spaces around a token list
)
\@envbody=\toks44
)
\tcb@titlebox=\box135
\tcb@upperbox=\box136
\tcb@lowerbox=\box137
\tcb@phantombox=\box138
\c@tcbbreakpart=\count373
\c@tcblayer=\count374
\c@tcolorbox@number=\count375
\l__tcobox_tmpa_box=\box139
\l__tcobox_tmpa_dim=\dimen309
\tcb@temp=\box140
\tcb@temp=\box141
\tcb@temp=\box142
\tcb@temp=\box143

(C:\Program Files\MiKTeX\tex/latex/tcolorbox\tcbskins.code.tex
Library (tcolorbox): 'tcbskins.code.tex' version '6.9.0'
(C:\Program Files\MiKTeX\tex/latex/tikzfill\tikzfill.image.sty
Package: tikzfill.image 2026/04/23 v1.2.0 Image filling library for TikZ

(C:\Program Files\MiKTeX\tex/latex/tikzfill\tikzlibraryfill.image.code.tex
File: tikzlibraryfill.image.code.tex 2026/04/23 v1.2.0 Image filling library
\l__tikzfill_tmpa_dim=\dimen310
\l__tikzfill_tmpb_dim=\dimen311
\l__tikzfill_img_box=\box144
))
(C:\Program Files\MiKTeX\tex/latex/tcolorbox\tcbskinsjigsaw.code.tex
Library (tcolorbox): 'tcbskinsjigsaw.code.tex' version '6.9.0'
)) (C:\Program Files\MiKTeX\tex/latex/tcolorbox\tcbbreakable.code.tex
Library (tcolorbox): 'tcbbreakable.code.tex' version '6.9.0'
(C:\Program Files\MiKTeX\tex/latex/pdfcol\pdfcol.sty
Package: pdfcol 2022-09-21 v1.7 Handle new color stacks for pdfTeX (HO)
Package pdfcol Info: Interface disabled because of missing PDF mode of pdfTeX.
)
Package pdfcol Info: pdfTeX's color stacks are not available.
\tcb@testbox=\box145
\tcb@totalupperbox=\box146
\tcb@totallowerbox=\box147
)
(C:\Program Files\MiKTeX\tex/latex/tcolorbox\tcbxparse.code.tex
Library (tcolorbox): 'tcbxparse.code.tex' version '6.9.0'
)) (C:\Program Files\MiKTeX\tex/latex/tcolorbox\tcbtheorems.code.tex
Library (tcolorbox): 'tcbtheorems.code.tex' version '6.9.0'
(C:\Program Files\MiKTeX\tex/latex/amsmath\amsmath.sty
Package: amsmath 2025/07/09 v2.17z AMS math features
\@mathmargin=\skip147

For additional information on amsmath, use the `?' option.
(C:\Program Files\MiKTeX\tex/latex/amsmath\amsbsy.sty
Package: amsbsy 1999/11/29 v1.2d Bold Symbols
\pmbraise@=\dimen312
)
(C:\Program Files\MiKTeX\tex/latex/amsmath\amsopn.sty
Package: amsopn 2022/04/08 v2.04 operator names
)
\inf@bad=\count376
LaTeX Info: Redefining \frac on input line 233.
\uproot@=\count377
\leftroot@=\count378
LaTeX Info: Redefining \overline on input line 398.
LaTeX Info: Redefining \colon on input line 409.
\classnum@=\count379
\DOTSCASE@=\count380
LaTeX Info: Redefining \ldots on input line 495.
LaTeX Info: Redefining \dots on input line 498.
LaTeX Info: Redefining \cdots on input line 619.
\Mathstrutbox@=\box148
\strutbox@=\box149
LaTeX Info: Redefining \big on input line 721.
LaTeX Info: Redefining \Big on input line 722.
LaTeX Info: Redefining \bigg on input line 723.
LaTeX Info: Redefining \Bigg on input line 724.
\big@size=\dimen313
LaTeX Font Info:    Redeclaring font encoding OML on input line 742.
LaTeX Font Info:    Redeclaring font encoding OMS on input line 743.
\macc@depth=\count381
LaTeX Info: Redefining \bmod on input line 904.
LaTeX Info: Redefining \pmod on input line 909.
LaTeX Info: Redefining \smash on input line 939.
LaTeX Info: Redefining \relbar on input line 969.
LaTeX Info: Redefining \Relbar on input line 970.
\c@MaxMatrixCols=\count382
\dotsspace@=\muskip18
\c@parentequation=\count383
\dspbrk@lvl=\count384
\tag@help=\toks45
\row@=\count385
\column@=\count386
\maxfields@=\count387
\andhelp@=\toks46
\eqnshift@=\dimen314
\alignsep@=\dimen315
\tagshift@=\dimen316
\tagwidth@=\dimen317
\totwidth@=\dimen318
\lineht@=\dimen319
\@envbody=\toks47
\multlinegap=\skip148
\multlinetaggap=\skip149
\mathdisplay@stack=\toks48
LaTeX Info: Redefining \[ on input line 2950.
LaTeX Info: Redefining \] on input line 2951.
))
(C:\Program Files\MiKTeX\tex/latex/forest\forest.sty
Package: forest 2017/07/14 v2.1.5 Drawing (linguistic) trees

(C:\Program Files\MiKTeX\tex/generic/pgf/frontendlayer/tikz/libraries\tikzlibra
ryshapes.code.tex
File: tikzlibraryshapes.code.tex 2025-08-29 v3.1.11a (3.1.11a)

(C:\Program Files\MiKTeX\tex/generic/pgf/frontendlayer/tikz/libraries\tikzlibra
ryshapes.geometric.code.tex
File: tikzlibraryshapes.geometric.code.tex 2025-08-29 v3.1.11a (3.1.11a)

(C:\Program Files\MiKTeX\tex/generic/pgf/libraries/shapes\pgflibraryshapes.geom
etric.code.tex
File: pgflibraryshapes.geometric.code.tex 2025-08-29 v3.1.11a (3.1.11a)
))
(C:\Program Files\MiKTeX\tex/generic/pgf/frontendlayer/tikz/libraries\tikzlibra
ryshapes.misc.code.tex
File: tikzlibraryshapes.misc.code.tex 2025-08-29 v3.1.11a (3.1.11a)

(C:\Program Files\MiKTeX\tex/generic/pgf/libraries/shapes\pgflibraryshapes.misc
.code.tex
File: pgflibraryshapes.misc.code.tex 2025-08-29 v3.1.11a (3.1.11a)
))
(C:\Program Files\MiKTeX\tex/generic/pgf/frontendlayer/tikz/libraries\tikzlibra
ryshapes.symbols.code.tex
File: tikzlibraryshapes.symbols.code.tex 2025-08-29 v3.1.11a (3.1.11a)

(C:\Program Files\MiKTeX\tex/generic/pgf/libraries/shapes\pgflibraryshapes.symb
ols.code.tex
File: pgflibraryshapes.symbols.code.tex 2025-08-29 v3.1.11a (3.1.11a)
))
(C:\Program Files\MiKTeX\tex/generic/pgf/frontendlayer/tikz/libraries\tikzlibra
ryshapes.arrows.code.tex
File: tikzlibraryshapes.arrows.code.tex 2025-08-29 v3.1.11a (3.1.11a)

(C:\Program Files\MiKTeX\tex/generic/pgf/libraries/shapes\pgflibraryshapes.arro
ws.code.tex
File: pgflibraryshapes.arrows.code.tex 2025-08-29 v3.1.11a (3.1.11a)
))
(C:\Program Files\MiKTeX\tex/generic/pgf/frontendlayer/tikz/libraries\tikzlibra
ryshapes.callouts.code.tex
(C:\Program Files\MiKTeX\tex/generic/pgf/libraries/shapes\pgflibraryshapes.call
outs.code.tex))
(C:\Program Files\MiKTeX\tex/generic/pgf/frontendlayer/tikz/libraries\tikzlibra
ryshapes.multipart.code.tex
File: tikzlibraryshapes.multipart.code.tex 2025-08-29 v3.1.11a (3.1.11a)

(C:\Program Files\MiKTeX\tex/generic/pgf/libraries/shapes\pgflibraryshapes.mult
ipart.code.tex
File: pgflibraryshapes.multipart.code.tex 2025-08-29 v3.1.11a (3.1.11a)
\pgfnodepartlowerbox=\box150
\pgfnodeparttwobox=\box151
\pgfnodepartthreebox=\box152
\pgfnodepartfourbox=\box153
\pgfnodeparttwentybox=\box154
\pgfnodepartnineteenbox=\box155
\pgfnodeparteighteenbox=\box156
\pgfnodepartseventeenbox=\box157
\pgfnodepartsixteenbox=\box158
\pgfnodepartfifteenbox=\box159
\pgfnodepartfourteenbox=\box160
\pgfnodepartthirteenbox=\box161
\pgfnodeparttwelvebox=\box162
\pgfnodepartelevenbox=\box163
\pgfnodeparttenbox=\box164
\pgfnodepartninebox=\box165
\pgfnodeparteightbox=\box166
\pgfnodepartsevenbox=\box167
\pgfnodepartsixbox=\box168
\pgfnodepartfivebox=\box169
))) (C:\Program Files\MiKTeX\tex/latex/pgfopts\pgfopts.sty
Package: pgfopts 2014/07/10 v2.1a LaTeX package options with pgfkeys
\pgfopts@list@add@a@toks=\toks49
\pgfopts@list@add@b@toks=\toks50
)
(C:\Program Files\MiKTeX\tex/latex/elocalloc\elocalloc.sty
Package: elocalloc 2016/12/15 v0.03 local allocation for LaTeX 2015+ (DPC)
)
(C:\Program Files\MiKTeX\tex/latex/inlinedef\inlinedef.sty
Package: inlinedef 2008/07/10 v1.0 Inlined expansions within definitions
\ID@toks=\toks51
\ID@count=\count388
)
\ID@usercommands=\toks52
\safeloop@depth=\count389
\safeRKloop@depth=\count390
\forest@temp@dimen=\dimen320
\forest@temp@count=\count391
\forest@n=\count392
\forest@temp@global@count=\count393
\forest@temp@toks=\toks53
\forest@temparray@M=\count394
\forest@temparray@N=\count395
\forest@global@temparray@M=\count396
\forest@global@temparray@N=\count397
\forest@isnum@count=\count398
\forest@isdim@nonintpart=\count399
\forest@isdim@dimen=\dimen321
\forest@sort@m=\count400
\forest@sort@k=\count401
\forest@sort@p=\count402
\bracket@content=\toks54
\bracket@afterthought=\toks55
\forest@node@maxid=\count403
\forest@process@left@M=\count404
\forest@process@left@N=\count405
\forest@process@right@M=\count406
\forest@process@right@N=\count407
\forest@process@saved@M=\count408
\forest@process@saved@N=\count409
\forest@process@result@M=\count410
\forest@process@result@N=\count411
\forest@process@n=\count412
\forest@nodewalk@branch@toks=\toks56
\forest@nodewalk@shortsteps@resolution=\toks57
\forest@do@dynamics=\toks58
\forest@box=\box170
\forest@xg=\dimen322
\forest@yg=\dimen323
\forest@xs=\dimen324
\forest@ys=\dimen325
\forest@pi@toks=\toks59
\forest@segment@toks=\toks60
\forest@PIi@toks=\toks61
\forest@PIii@toks=\toks62
\forest@copy@in=\read5
\forest@copy@out=\write5
\forest@externalize@max@outer@n=\count413
\forest@externalize@inner@n=\count414
)
(C:\Program Files\MiKTeX\tex/latex/forest\forest-lib-edges.sty
Package: forest-lib-edges 2016/12/05 v0.1.1
)
(C:\Program Files\MiKTeX\tex/generic/pgf/libraries\pgflibraryarrows.meta.code.t
ex
File: pgflibraryarrows.meta.code.tex 2025-08-29 v3.1.11a (3.1.11a)
\pgfarrowinset=\dimen326
\pgfarrowlength=\dimen327
\pgfarrowwidth=\dimen328
\pgfarrowlinewidth=\dimen329
) (C:\Program Files\MiKTeX\tex/latex/microtype\microtype.sty
Package: microtype 2026/03/01 v3.2d Micro-typographical refinements (RS)
\MT@toks=\toks63
\MT@tempbox=\box171
\MT@count=\count415
LaTeX Info: Redefining \noprotrusionifhmode on input line 1084.
LaTeX Info: Redefining \leftprotrusion on input line 1085.
\MT@prot@toks=\toks64
LaTeX Info: Redefining \rightprotrusion on input line 1104.
LaTeX Info: Redefining \textls on input line 1449.
\MT@outer@kern=\dimen330
LaTeX Info: Redefining \microtypecontext on input line 2053.
LaTeX Info: Redefining \textmicrotypecontext on input line 2070.
\MT@listname@count=\count416

(C:\Program Files\MiKTeX\tex/latex/microtype\microtype-xetex.def
File: microtype-xetex.def 2026/03/01 v3.2d Definitions specific to xetex (RS)
LaTeX Info: Redefining \lsstyle on input line 443.
LaTeX Info: Redefining \lslig on input line 451.
\MT@outer@space=\skip150
)
Package microtype Info: Loading configuration file microtype.cfg.

(C:\Program Files\MiKTeX\tex/latex/microtype\microtype.cfg
File: microtype.cfg 2026/03/01 v3.2d microtype main configuration file (RS)
)
LaTeX Info: Redefining \microtypesetup on input line 3065.
)
(C:\Program Files\MiKTeX\tex/latex/ulem\ulem.sty
\UL@box=\box172
\UL@hyphenbox=\box173
\UL@skip=\skip151
\UL@hook=\toks65
\UL@height=\dimen331
\UL@pe=\count417
\UL@pixel=\dimen332
\ULC@box=\box174
Package: ulem 2019/11/18
\ULdepth=\dimen333
)
(C:\Program Files\MiKTeX\tex/latex/slantsc\slantsc.sty
Package: slantsc 2012/01/01 v2.11 Provide Slanted an Italic Small Caps
LaTeX Info: Redefining \upshape on input line 35.
LaTeX Info: Redefining \slshape on input line 45.
LaTeX Info: Redefining \itshape on input line 55.
LaTeX Info: Redefining \scshape on input line 65.
)
(C:\Program Files\MiKTeX\tex/latex/fontspec\fontspec.sty
Package: fontspec 2025/09/29 v2.9g Font selection for XeLaTeX and LuaLaTeX

(C:\Program Files\MiKTeX\tex/latex/fontspec\fontspec-xetex.sty
Package: fontspec-xetex 2025/09/29 v2.9g Font selection for XeLaTeX and LuaLaTe
X
\l__fontspec_script_int=\count418
\l__fontspec_language_int=\count419
\l__fontspec_strnum_int=\count420
\l__fontspec_tmp_int=\count421
\l__fontspec_tmpa_int=\count422
\l__fontspec_tmpb_int=\count423
\l__fontspec_tmpc_int=\count424
\l__fontspec_em_int=\count425
\l__fontspec_emdef_int=\count426
\l__fontspec_strong_int=\count427
\l__fontspec_strongdef_int=\count428
\l__fontspec_tmpa_dim=\dimen334
\l__fontspec_tmpb_dim=\dimen335
\l__fontspec_tmpc_dim=\dimen336

(C:\Program Files\MiKTeX\tex/latex/base\fontenc.sty
Package: fontenc 2025/07/18 v2.1d Standard LaTeX package
)
(C:\Program Files\MiKTeX\tex/latex/fontspec\fontspec.cfg)))

Package fontspec Info: 
(fontspec)             Font family 'TimesNewRoman(0)' created for font 'Times
(fontspec)             New Roman' with options [Ligatures=TeX].
(fontspec)              
(fontspec)              This font family consists of the following NFSS
(fontspec)             series/shapes:
(fontspec)              
(fontspec)             - 'normal' (m/n) with NFSS spec.: <->"Times New
(fontspec)             Roman/OT:script=latn;language=dflt;mapping=tex-text;"
(fontspec)             - 'small caps'  (m/sc) with NFSS spec.: <->"Times New
(fontspec)             Roman/OT:script=latn;language=dflt;+smcp;mapping=tex-tex
t;"
(fontspec)             - 'bold' (b/n) with NFSS spec.: <->"Times New
(fontspec)             Roman/B/OT:script=latn;language=dflt;mapping=tex-text;"
(fontspec)             - 'bold small caps'  (b/sc) with NFSS spec.: <->"Times
(fontspec)             New
(fontspec)             Roman/B/OT:script=latn;language=dflt;+smcp;mapping=tex-t
ext;"
(fontspec)             - 'italic' (m/it) with NFSS spec.: <->"Times New
(fontspec)             Roman/I/OT:script=latn;language=dflt;mapping=tex-text;"
(fontspec)             - 'italic small caps'  (m/scit) with NFSS spec.:
(fontspec)             <->"Times New
(fontspec)             Roman/I/OT:script=latn;language=dflt;+smcp;mapping=tex-t
ext;"
(fontspec)             - 'bold italic' (b/it) with NFSS spec.: <->"Times New
(fontspec)             Roman/BI/OT:script=latn;language=dflt;mapping=tex-text;"

(fontspec)             - 'bold italic small caps'  (b/scit) with NFSS spec.:
(fontspec)             <->"Times New
(fontspec)             Roman/BI/OT:script=latn;language=dflt;+smcp;mapping=tex-
text;"


(C:\Program Files\MiKTeX\tex/latex/amsfonts\amsfonts.sty
Package: amsfonts 2013/01/14 v3.01 Basic AMSFonts support
\symAMSa=\mathgroup4
\symAMSb=\mathgroup5
LaTeX Font Info:    Redeclaring math symbol \hbar on input line 98.
LaTeX Font Info:    Overwriting math alphabet `\mathfrak' in version `bold'
(Font)                  U/euf/m/n --> U/euf/b/n on input line 106.
)
(C:\Program Files\MiKTeX\tex/latex/base\latexsym.sty
Package: latexsym 1998/08/17 v2.2e Standard LaTeX package (lasy symbols)
\symlasy=\mathgroup6
LaTeX Font Info:    Overwriting symbol font `lasy' in version `bold'
(Font)                  U/lasy/m/n --> U/lasy/b/n on input line 52.
)
(C:\Program Files\MiKTeX\tex/latex/cancel\cancel.sty
Package: cancel 2013/04/12 v2.2 Cancel math terms
)
(C:\Program Files\MiKTeX\tex/latex/amscls\amsthm.sty
Package: amsthm 2020/05/29 v2.20.6
\thm@style=\toks66
\thm@bodyfont=\toks67
\thm@headfont=\toks68
\thm@notefont=\toks69
\thm@headpunct=\toks70
\thm@preskip=\skip152
\thm@postskip=\skip153
\thm@headsep=\skip154
\dth@everypar=\toks71
)
(C:\Program Files\MiKTeX\tex/latex/amsfonts\amssymb.sty
Package: amssymb 2013/01/14 v3.01 AMS font symbols
)
(C:\Program Files\MiKTeX\tex/latex/mathtools\empheq.sty
Package: empheq 2024/08/09 v2.17 Emphasizing equations

(C:\Program Files\MiKTeX\tex/latex/mathtools\mhsetup.sty
Package: mhsetup 2021/03/18 v1.4 programming setup (MH)
)
(C:\Program Files\MiKTeX\tex/latex/mathtools\mathtools.sty
Package: mathtools 2024/10/04 v1.31 mathematical typesetting tools
\g_MT_multlinerow_int=\count429
\l_MT_multwidth_dim=\dimen337
\origjot=\skip155
\l_MT_shortvdotswithinadjustabove_dim=\dimen338
\l_MT_shortvdotswithinadjustbelow_dim=\dimen339
\l_MT_above_intertext_sep=\dimen340
\l_MT_below_intertext_sep=\dimen341
\l_MT_above_shortintertext_sep=\dimen342
\l_MT_below_shortintertext_sep=\dimen343
\xmathstrut@box=\box175
\xmathstrut@dim=\dimen344
)
\l_EQ_equationtype_int=\count430
\l_EQ_alignmentmode_int=\count431
\l_EQ_totalwidth_dim=\dimen345
\l_EQ_displaywidth_dim=\dimen346
\l_EQ_temp_linewidth_dim=\dimen347
\l_EQ_linewidth_dim=\dimen348
\EmphEqdelimitershortfall=\dimen349
\EmphEqdelimiterfactor=\count432
\g_EQ_toptag_height_dim=\dimen350
\g_EQ_bottomtag_depth_dim=\dimen351
\g_EQ_toprow_height_dim=\dimen352
\g_EQ_bottomrow_depth_dim=\dimen353
\g_EQ_widesttag_dim=\dimen354
\EQ_mathdisplay_box=\box176
\EQ_tag_box=\box177
\g_EQ_temprow_int=\count433
)
(C:\Program Files\MiKTeX\tex/latex/base\textcomp.sty
Package: textcomp 2024/04/24 v2.1b Standard LaTeX package
)
(C:\Program Files\MiKTeX\tex/latex/stackengine\stackengine.sty
Package: stackengine 2021/07/22 v4.11\ Stacking text and objects in convenient 
ways

(C:\Program Files\MiKTeX\tex/latex/listofitems\listofitems.sty
(C:\Program Files\MiKTeX\tex/generic/listofitems\listofitems.tex
\loi_cnt_foreach_nest=\count434
\loi_nestcnt=\count435
)
Package: listofitems 2024/03/09 v1.65 Grab items in lists using user-specified 
sep char (CT)
)
\c@@stackindex=\count436
\@boxshift=\skip156
\stack@tmplength=\skip157
\temp@stkl=\skip158
\@stackedboxwidth=\skip159
\@addedbox=\box178
\@anchorbox=\box179
\@insetbox=\box180
\se@backgroundbox=\box181
\stackedbox=\box182
\@centerbox=\box183
\c@ROWcellindex@=\count437
)
(C:\Program Files\MiKTeX\tex/latex/tools\bm.sty
Package: bm 2025/10/21 v1.2g Bold Symbol Support (DPC/FMi)
\symboldoperators=\mathgroup7
\symboldletters=\mathgroup8
\symboldsymbols=\mathgroup9
Package bm Info: No bold for \OMX/lmex/m/n, using \pmb.
Package bm Info: No bold for \U/msa/m/n, using \pmb.
Package bm Info: No bold for \U/msb/m/n, using \pmb.
\symboldlasy=\mathgroup10
LaTeX Font Info:    Redeclaring math alphabet \mathbf on input line 149.
)
(C:\Program Files\MiKTeX\tex/latex/unicode-math\unicode-math.sty
Package: unicode-math 2023/08/13 v0.8r Unicode maths in XeLaTeX and LuaLaTeX

(C:\Program Files\MiKTeX\tex/latex/unicode-math\unicode-math-xetex.sty
Package: unicode-math-xetex 2023/08/13 v0.8r Unicode maths in XeLaTeX and LuaLa
TeX

(C:\Program Files\MiKTeX\tex/latex/base\fix-cm.sty
Package: fix-cm 2020/11/24 v1.1t fixes to LaTeX

(C:\Program Files\MiKTeX\tex/latex/base\ts1enc.def
File: ts1enc.def 2001/06/05 v3.0e (jk/car/fm) Standard LaTeX file
LaTeX Font Info:    Redeclaring font encoding TS1 on input line 47.
LaTeX Encoding Info:    Redeclaring text command \capitalcedilla (encoding TS1)
 on input line 49.
LaTeX Encoding Info:    Redeclaring text command \capitalogonek (encoding TS1) 
on input line 52.
LaTeX Encoding Info:    Redeclaring text command \capitalgrave (encoding TS1) o
n input line 55.
LaTeX Encoding Info:    Redeclaring text command \capitalacute (encoding TS1) o
n input line 56.
LaTeX Encoding Info:    Redeclaring text command \capitalcircumflex (encoding T
S1) on input line 57.
LaTeX Encoding Info:    Redeclaring text command \capitaltilde (encoding TS1) o
n input line 58.
LaTeX Encoding Info:    Redeclaring text command \capitaldieresis (encoding TS1
) on input line 59.
LaTeX Encoding Info:    Redeclaring text command \capitalhungarumlaut (encoding
 TS1) on input line 60.
LaTeX Encoding Info:    Redeclaring text command \capitalring (encoding TS1) on
 input line 61.
LaTeX Encoding Info:    Redeclaring text command \capitalcaron (encoding TS1) o
n input line 62.
LaTeX Encoding Info:    Redeclaring text command \capitalbreve (encoding TS1) o
n input line 63.
LaTeX Encoding Info:    Redeclaring text command \capitalmacron (encoding TS1) 
on input line 64.
LaTeX Encoding Info:    Redeclaring text command \capitaldotaccent (encoding TS
1) on input line 65.
LaTeX Encoding Info:    Redeclaring text command \t (encoding TS1) on input lin
e 66.
LaTeX Encoding Info:    Redeclaring text command \capitaltie (encoding TS1) on 
input line 67.
LaTeX Encoding Info:    Redeclaring text command \newtie (encoding TS1) on inpu
t line 68.
LaTeX Encoding Info:    Redeclaring text command \capitalnewtie (encoding TS1) 
on input line 69.
LaTeX Encoding Info:    Redeclaring text symbol \textcapitalcompwordmark (encod
ing TS1) on input line 70.
LaTeX Encoding Info:    Redeclaring text symbol \textascendercompwordmark (enco
ding TS1) on input line 71.
LaTeX Encoding Info:    Redeclaring text symbol \textquotestraightbase (encodin
g TS1) on input line 72.
LaTeX Encoding Info:    Redeclaring text symbol \textquotestraightdblbase (enco
ding TS1) on input line 73.
LaTeX Encoding Info:    Redeclaring text symbol \texttwelveudash (encoding TS1)
 on input line 74.
LaTeX Encoding Info:    Redeclaring text symbol \textthreequartersemdash (encod
ing TS1) on input line 75.
LaTeX Encoding Info:    Redeclaring text symbol \textleftarrow (encoding TS1) o
n input line 76.
LaTeX Encoding Info:    Redeclaring text symbol \textrightarrow (encoding TS1) 
on input line 77.
LaTeX Encoding Info:    Redeclaring text symbol \textblank (encoding TS1) on in
put line 78.
LaTeX Encoding Info:    Redeclaring text symbol \textdollar (encoding TS1) on i
nput line 79.
LaTeX Encoding Info:    Redeclaring text symbol \textquotesingle (encoding TS1)
 on input line 80.
LaTeX Encoding Info:    Redeclaring text command \textasteriskcentered (encodin
g TS1) on input line 81.
LaTeX Encoding Info:    Redeclaring text symbol \textdblhyphen (encoding TS1) o
n input line 92.
LaTeX Encoding Info:    Redeclaring text symbol \textfractionsolidus (encoding 
TS1) on input line 93.
LaTeX Encoding Info:    Redeclaring text symbol \textzerooldstyle (encoding TS1
) on input line 94.
LaTeX Encoding Info:    Redeclaring text symbol \textoneoldstyle (encoding TS1)
 on input line 95.
LaTeX Encoding Info:    Redeclaring text symbol \texttwooldstyle (encoding TS1)
 on input line 96.
LaTeX Encoding Info:    Redeclaring text symbol \textthreeoldstyle (encoding TS
1) on input line 97.
LaTeX Encoding Info:    Redeclaring text symbol \textfouroldstyle (encoding TS1
) on input line 98.
LaTeX Encoding Info:    Redeclaring text symbol \textfiveoldstyle (encoding TS1
) on input line 99.
LaTeX Encoding Info:    Redeclaring text symbol \textsixoldstyle (encoding TS1)
 on input line 100.
LaTeX Encoding Info:    Redeclaring text symbol \textsevenoldstyle (encoding TS
1) on input line 101.
LaTeX Encoding Info:    Redeclaring text symbol \texteightoldstyle (encoding TS
1) on input line 102.
LaTeX Encoding Info:    Redeclaring text symbol \textnineoldstyle (encoding TS1
) on input line 103.
LaTeX Encoding Info:    Redeclaring text symbol \textlangle (encoding TS1) on i
nput line 104.
LaTeX Encoding Info:    Redeclaring text symbol \textminus (encoding TS1) on in
put line 105.
LaTeX Encoding Info:    Redeclaring text symbol \textrangle (encoding TS1) on i
nput line 106.
LaTeX Encoding Info:    Redeclaring text symbol \textmho (encoding TS1) on inpu
t line 107.
LaTeX Encoding Info:    Redeclaring text symbol \textbigcircle (encoding TS1) o
n input line 108.
LaTeX Encoding Info:    Redeclaring text command \textcircled (encoding TS1) on
 input line 109.
LaTeX Encoding Info:    Redeclaring text symbol \textohm (encoding TS1) on inpu
t line 115.
LaTeX Encoding Info:    Redeclaring text symbol \textlbrackdbl (encoding TS1) o
n input line 116.
LaTeX Encoding Info:    Redeclaring text symbol \textrbrackdbl (encoding TS1) o
n input line 117.
LaTeX Encoding Info:    Redeclaring text symbol \textuparrow (encoding TS1) on 
input line 118.
LaTeX Encoding Info:    Redeclaring text symbol \textdownarrow (encoding TS1) o
n input line 119.
LaTeX Encoding Info:    Redeclaring text symbol \textasciigrave (encoding TS1) 
on input line 120.
LaTeX Encoding Info:    Redeclaring text symbol \textborn (encoding TS1) on inp
ut line 121.
LaTeX Encoding Info:    Redeclaring text symbol \textdivorced (encoding TS1) on
 input line 122.
LaTeX Encoding Info:    Redeclaring text symbol \textdied (encoding TS1) on inp
ut line 123.
LaTeX Encoding Info:    Redeclaring text symbol \textleaf (encoding TS1) on inp
ut line 124.
LaTeX Encoding Info:    Redeclaring text symbol \textmarried (encoding TS1) on 
input line 125.
LaTeX Encoding Info:    Redeclaring text symbol \textmusicalnote (encoding TS1)
 on input line 126.
LaTeX Encoding Info:    Redeclaring text symbol \texttildelow (encoding TS1) on
 input line 127.
LaTeX Encoding Info:    Redeclaring text symbol \textdblhyphenchar (encoding TS
1) on input line 128.
LaTeX Encoding Info:    Redeclaring text symbol \textasciibreve (encoding TS1) 
on input line 129.
LaTeX Encoding Info:    Redeclaring text symbol \textasciicaron (encoding TS1) 
on input line 130.
LaTeX Encoding Info:    Redeclaring text symbol \textacutedbl (encoding TS1) on
 input line 131.
LaTeX Encoding Info:    Redeclaring text symbol \textgravedbl (encoding TS1) on
 input line 132.
LaTeX Encoding Info:    Redeclaring text symbol \textdagger (encoding TS1) on i
nput line 133.
LaTeX Encoding Info:    Redeclaring text symbol \textdaggerdbl (encoding TS1) o
n input line 134.
LaTeX Encoding Info:    Redeclaring text symbol \textbardbl (encoding TS1) on i
nput line 135.
LaTeX Encoding Info:    Redeclaring text symbol \textperthousand (encoding TS1)
 on input line 136.
LaTeX Encoding Info:    Redeclaring text symbol \textbullet (encoding TS1) on i
nput line 137.
LaTeX Encoding Info:    Redeclaring text symbol \textcelsius (encoding TS1) on 
input line 138.
LaTeX Encoding Info:    Redeclaring text symbol \textdollaroldstyle (encoding T
S1) on input line 139.
LaTeX Encoding Info:    Redeclaring text symbol \textcentoldstyle (encoding TS1
) on input line 140.
LaTeX Encoding Info:    Redeclaring text symbol \textflorin (encoding TS1) on i
nput line 141.
LaTeX Encoding Info:    Redeclaring text symbol \textcolonmonetary (encoding TS
1) on input line 142.
LaTeX Encoding Info:    Redeclaring text symbol \textwon (encoding TS1) on inpu
t line 143.
LaTeX Encoding Info:    Redeclaring text symbol \textnaira (encoding TS1) on in
put line 144.
LaTeX Encoding Info:    Redeclaring text symbol \textguarani (encoding TS1) on 
input line 145.
LaTeX Encoding Info:    Redeclaring text symbol \textpeso (encoding TS1) on inp
ut line 146.
LaTeX Encoding Info:    Redeclaring text symbol \textlira (encoding TS1) on inp
ut line 147.
LaTeX Encoding Info:    Redeclaring text symbol \textrecipe (encoding TS1) on i
nput line 148.
LaTeX Encoding Info:    Redeclaring text symbol \textinterrobang (encoding TS1)
 on input line 149.
LaTeX Encoding Info:    Redeclaring text symbol \textinterrobangdown (encoding 
TS1) on input line 150.
LaTeX Encoding Info:    Redeclaring text symbol \textdong (encoding TS1) on inp
ut line 151.
LaTeX Encoding Info:    Redeclaring text symbol \texttrademark (encoding TS1) o
n input line 152.
LaTeX Encoding Info:    Redeclaring text symbol \textpertenthousand (encoding T
S1) on input line 153.
LaTeX Encoding Info:    Redeclaring text symbol \textpilcrow (encoding TS1) on 
input line 154.
LaTeX Encoding Info:    Redeclaring text symbol \textbaht (encoding TS1) on inp
ut line 155.
LaTeX Encoding Info:    Redeclaring text symbol \textnumero (encoding TS1) on i
nput line 156.
LaTeX Encoding Info:    Redeclaring text symbol \textdiscount (encoding TS1) on
 input line 157.
LaTeX Encoding Info:    Redeclaring text symbol \textestimated (encoding TS1) o
n input line 158.
LaTeX Encoding Info:    Redeclaring text symbol \textopenbullet (encoding TS1) 
on input line 159.
LaTeX Encoding Info:    Redeclaring text symbol \textservicemark (encoding TS1)
 on input line 160.
LaTeX Encoding Info:    Redeclaring text symbol \textlquill (encoding TS1) on i
nput line 161.
LaTeX Encoding Info:    Redeclaring text symbol \textrquill (encoding TS1) on i
nput line 162.
LaTeX Encoding Info:    Redeclaring text symbol \textcent (encoding TS1) on inp
ut line 163.
LaTeX Encoding Info:    Redeclaring text symbol \textsterling (encoding TS1) on
 input line 164.
LaTeX Encoding Info:    Redeclaring text symbol \textcurrency (encoding TS1) on
 input line 165.
LaTeX Encoding Info:    Redeclaring text symbol \textyen (encoding TS1) on inpu
t line 166.
LaTeX Encoding Info:    Redeclaring text symbol \textbrokenbar (encoding TS1) o
n input line 167.
LaTeX Encoding Info:    Redeclaring text symbol \textsection (encoding TS1) on 
input line 168.
LaTeX Encoding Info:    Redeclaring text symbol \textasciidieresis (encoding TS
1) on input line 169.
LaTeX Encoding Info:    Redeclaring text symbol \textcopyright (encoding TS1) o
n input line 170.
LaTeX Encoding Info:    Redeclaring text symbol \textordfeminine (encoding TS1)
 on input line 171.
LaTeX Encoding Info:    Redeclaring text symbol \textcopyleft (encoding TS1) on
 input line 172.
LaTeX Encoding Info:    Redeclaring text symbol \textlnot (encoding TS1) on inp
ut line 173.
LaTeX Encoding Info:    Redeclaring text symbol \textcircledP (encoding TS1) on
 input line 174.
LaTeX Encoding Info:    Redeclaring text symbol \textregistered (encoding TS1) 
on input line 175.
LaTeX Encoding Info:    Redeclaring text symbol \textasciimacron (encoding TS1)
 on input line 176.
LaTeX Encoding Info:    Redeclaring text symbol \textdegree (encoding TS1) on i
nput line 177.
LaTeX Encoding Info:    Redeclaring text symbol \textpm (encoding TS1) on input
 line 178.
LaTeX Encoding Info:    Redeclaring text symbol \texttwosuperior (encoding TS1)
 on input line 179.
LaTeX Encoding Info:    Redeclaring text symbol \textthreesuperior (encoding TS
1) on input line 180.
LaTeX Encoding Info:    Redeclaring text symbol \textasciiacute (encoding TS1) 
on input line 181.
LaTeX Encoding Info:    Redeclaring text symbol \textmu (encoding TS1) on input
 line 182.
LaTeX Encoding Info:    Redeclaring text symbol \textparagraph (encoding TS1) o
n input line 183.
LaTeX Encoding Info:    Redeclaring text symbol \textperiodcentered (encoding T
S1) on input line 184.
LaTeX Encoding Info:    Redeclaring text symbol \textreferencemark (encoding TS
1) on input line 185.
LaTeX Encoding Info:    Redeclaring text symbol \textonesuperior (encoding TS1)
 on input line 186.
LaTeX Encoding Info:    Redeclaring text symbol \textordmasculine (encoding TS1
) on input line 187.
LaTeX Encoding Info:    Redeclaring text symbol \textsurd (encoding TS1) on inp
ut line 188.
LaTeX Encoding Info:    Redeclaring text symbol \textonequarter (encoding TS1) 
on input line 189.
LaTeX Encoding Info:    Redeclaring text symbol \textonehalf (encoding TS1) on 
input line 190.
LaTeX Encoding Info:    Redeclaring text symbol \textthreequarters (encoding TS
1) on input line 191.
LaTeX Encoding Info:    Redeclaring text symbol \texteuro (encoding TS1) on inp
ut line 192.
LaTeX Encoding Info:    Redeclaring text symbol \texttimes (encoding TS1) on in
put line 193.
LaTeX Encoding Info:    Redeclaring text symbol \textdiv (encoding TS1) on inpu
t line 194.
))
\g__um_fam_int=\count438
\g__um_fonts_used_int=\count439
\l__um_primecount_int=\count440
\g__um_primekern_muskip=\muskip19

(C:\Program Files\MiKTeX\tex/latex/unicode-math\unicode-math-table.tex)))

Package fontspec Info: 
(fontspec)             XITSMath-Regular scale = 1.2.


Package fontspec Info: 
(fontspec)             XITSMath-Regular scale = 1.2.


Package fontspec Info: 
(fontspec)             Font family 'XITSMath-Regular.otf(0)' created for font
(fontspec)             'XITSMath-Regular.otf' with options
(fontspec)             [BoldItalicFont={},ItalicFont={},SmallCapsFont={},Script
=Math,Scale={1.2}].
(fontspec)              
(fontspec)              This font family consists of the following NFSS
(fontspec)             series/shapes:
(fontspec)              
(fontspec)             - 'normal' (m/n) with NFSS spec.:
(fontspec)             <->s*[1.2]"[XITSMath-Regular.otf]/OT:script=math;languag
e=dflt;"

LaTeX Font Info:    Font shape `TU/XITSMath-Regular.otf(0)/m/n' will be
(Font)              scaled to size 14.39996pt on input line 302.

Package fontspec Info: 
(fontspec)             XITSMath-Regular scale = 1.2.


Package fontspec Info: 
(fontspec)             XITSMath-Regular scale = 1.2.


Package fontspec Info: 
(fontspec)             XITSMath-Regular scale = 1.2.


Package fontspec Info: 
(fontspec)             XITSMath-Regular scale = 1.2.


Package fontspec Info: 
(fontspec)             Font family 'XITSMath-Regular.otf(1)' created for font
(fontspec)             'XITSMath-Regular.otf' with options
(fontspec)             [BoldItalicFont={},ItalicFont={},SmallCapsFont={},Script
=Math,SizeFeatures={{Size=10.5-},{Size=8.1-10.5,Font=XITSMath-Regular.otf,Style
=MathScript},{Size=-8.1,Font=XITSMath-Regular.otf,Style=MathScriptScript}},Scal
e={1.2}].
(fontspec)              
(fontspec)              This font family consists of the following NFSS
(fontspec)             series/shapes:
(fontspec)              
(fontspec)             - 'normal' (m/n) with NFSS spec.:
(fontspec)             <10.5->s*[1.2]"[XITSMath-Regular.otf]/OT:script=math;lan
guage=dflt;"<8.1-10.5>s*[1.2]"[XITSMath-Regular.otf]/OT:script=math;language=df
lt;+ssty=0;"<-8.1>s*[1.2]"[XITSMath-Regular.otf]/OT:script=math;language=dflt;+
ssty=1;"

LaTeX Font Info:    Font shape `TU/XITSMath-Regular.otf(1)/m/n' will be
(Font)              scaled to size 14.39996pt on input line 302.
LaTeX Font Info:    Encoding `OT1' has changed to `TU' for symbol font
(Font)              `operators' in the math version `normal' on input line 302.

LaTeX Font Info:    Overwriting symbol font `operators' in version `normal'
(Font)                  OT1/lmr/m/n --> TU/XITSMath-Regular.otf(1)/m/n on input
 line 302.
LaTeX Font Info:    Encoding `OT1' has changed to `TU' for symbol font
(Font)              `operators' in the math version `bold' on input line 302.
LaTeX Font Info:    Overwriting symbol font `operators' in version `bold'
(Font)                  OT1/lmr/bx/n --> TU/XITSMath-Regular.otf(1)/b/n on inpu
t line 302.

Package fontspec Info: 
(fontspec)             XITSMath-Regular scale = 1.2.


Package fontspec Info: 
(fontspec)             XITSMath-Regular scale = 1.20012.


Package fontspec Info: 
(fontspec)             XITSMath-Regular scale = 1.2.


Package fontspec Info: 
(fontspec)             XITSMath-Regular scale = 1.20012.


Package fontspec Info: 
(fontspec)             XITSMath-Regular scale = 1.2.


Package fontspec Info: 
(fontspec)             XITSMath-Regular scale = 1.20012.


Package fontspec Info: 
(fontspec)             XITSMath-Regular scale = 1.2.


Package fontspec Info: 
(fontspec)             XITSMath-Regular scale = 1.20012.


Package fontspec Info: 
(fontspec)             Font family 'XITSMath-Regular.otf(2)' created for font
(fontspec)             'XITSMath-Regular.otf' with options
(fontspec)             [BoldItalicFont={},ItalicFont={},SmallCapsFont={},Script
=Math,SizeFeatures={{Size=10.5-},{Size=8.1-10.5,Font=XITSMath-Regular.otf,Style
=MathScript},{Size=-8.1,Font=XITSMath-Regular.otf,Style=MathScriptScript}},Scal
e={1.2},ScaleAgain=1.0001,FontAdjustment={\fontdimen
(fontspec)             8\font =8.35197pt\relax \fontdimen 9\font
(fontspec)             =6.91199pt\relax \fontdimen 10\font =6.91199pt\relax
(fontspec)             \fontdimen 11\font =10.07997pt\relax \fontdimen 12\font
(fontspec)             =6.91199pt\relax \fontdimen 13\font =5.75998pt\relax
(fontspec)             \fontdimen 14\font =5.75998pt\relax \fontdimen 15\font
(fontspec)             =3.95999pt\relax \fontdimen 16\font =3.59999pt\relax
(fontspec)             \fontdimen 17\font =3.59999pt\relax \fontdimen 18\font
(fontspec)             =5.4pt\relax \fontdimen 19\font =0.72pt\relax
(fontspec)             \fontdimen 22\font =3.59999pt\relax \fontdimen 20\font
(fontspec)             =0pt\relax \fontdimen 21\font =0pt\relax }].
(fontspec)              
(fontspec)              This font family consists of the following NFSS
(fontspec)             series/shapes:
(fontspec)              
(fontspec)             - 'normal' (m/n) with NFSS spec.:
(fontspec)             <10.5->s*[1.20012]"[XITSMath-Regular.otf]/OT:script=math
;language=dflt;"<8.1-10.5>s*[1.20012]"[XITSMath-Regular.otf]/OT:script=math;lan
guage=dflt;+ssty=0;"<-8.1>s*[1.20012]"[XITSMath-Regular.otf]/OT:script=math;lan
guage=dflt;+ssty=1;"

LaTeX Font Info:    Encoding `OMS' has changed to `TU' for symbol font
(Font)              `symbols' in the math version `normal' on input line 302.
LaTeX Font Info:    Overwriting symbol font `symbols' in version `normal'
(Font)                  OMS/lmsy/m/n --> TU/XITSMath-Regular.otf(2)/m/n on inpu
t line 302.
LaTeX Font Info:    Encoding `OMS' has changed to `TU' for symbol font
(Font)              `symbols' in the math version `bold' on input line 302.
LaTeX Font Info:    Overwriting symbol font `symbols' in version `bold'
(Font)                  OMS/lmsy/b/n --> TU/XITSMath-Regular.otf(2)/b/n on inpu
t line 302.

Package fontspec Info: 
(fontspec)             XITSMath-Regular scale = 1.2.


Package fontspec Info: 
(fontspec)             XITSMath-Regular scale = 1.19988.


Package fontspec Info: 
(fontspec)             XITSMath-Regular scale = 1.2.


Package fontspec Info: 
(fontspec)             XITSMath-Regular scale = 1.19988.


Package fontspec Info: 
(fontspec)             XITSMath-Regular scale = 1.2.


Package fontspec Info: 
(fontspec)             XITSMath-Regular scale = 1.19988.


Package fontspec Info: 
(fontspec)             XITSMath-Regular scale = 1.2.


Package fontspec Info: 
(fontspec)             XITSMath-Regular scale = 1.19988.


Package fontspec Info: 
(fontspec)             Font family 'XITSMath-Regular.otf(3)' created for font
(fontspec)             'XITSMath-Regular.otf' with options
(fontspec)             [BoldItalicFont={},ItalicFont={},SmallCapsFont={},Script
=Math,SizeFeatures={{Size=10.5-},{Size=8.1-10.5,Font=XITSMath-Regular.otf,Style
=MathScript},{Size=-8.1,Font=XITSMath-Regular.otf,Style=MathScriptScript}},Scal
e={1.2},ScaleAgain=0.9999,FontAdjustment={\fontdimen
(fontspec)             8\font =0.9504pt\relax \fontdimen 9\font
(fontspec)             =2.15999pt\relax \fontdimen 10\font =2.15999pt\relax
(fontspec)             \fontdimen 11\font =4.31999pt\relax \fontdimen 12\font
(fontspec)             =8.63998pt\relax \fontdimen 13\font =0pt\relax }].
(fontspec)              
(fontspec)              This font family consists of the following NFSS
(fontspec)             series/shapes:
(fontspec)              
(fontspec)             - 'normal' (m/n) with NFSS spec.:
(fontspec)             <10.5->s*[1.19988]"[XITSMath-Regular.otf]/OT:script=math
;language=dflt;"<8.1-10.5>s*[1.19988]"[XITSMath-Regular.otf]/OT:script=math;lan
guage=dflt;+ssty=0;"<-8.1>s*[1.19988]"[XITSMath-Regular.otf]/OT:script=math;lan
guage=dflt;+ssty=1;"

LaTeX Font Info:    Encoding `OMX' has changed to `TU' for symbol font
(Font)              `largesymbols' in the math version `normal' on input line 3
02.
LaTeX Font Info:    Overwriting symbol font `largesymbols' in version `normal'
(Font)                  OMX/lmex/m/n --> TU/XITSMath-Regular.otf(3)/m/n on inpu
t line 302.
LaTeX Font Info:    Encoding `OMX' has changed to `TU' for symbol font
(Font)              `largesymbols' in the math version `bold' on input line 302
.
LaTeX Font Info:    Overwriting symbol font `largesymbols' in version `bold'
(Font)                  OMX/lmex/m/n --> TU/XITSMath-Regular.otf(3)/b/n on inpu
t line 302.

Package fontspec Info: 
(fontspec)             Script 'Math' not explicitly supported within font
(fontspec)             'Times New Roman Italic'. Check the typeset output, and
(fontspec)             if it is okay then ignore this warning. Otherwise a
(fontspec)             different font should be chosen.


Package fontspec Info: 
(fontspec)             Font family 'TimesNewRomanItalic(0)' created for font
(fontspec)             'Times New Roman Italic' with options
(fontspec)             [BoldItalicFont={},ItalicFont={},SmallCapsFont={},Script
=Math,SizeFeatures={{Size=10.5-},{Size=8.1-10.5,Font=Times
(fontspec)             New Roman
(fontspec)             Italic,Style=MathScript},{Size=-8.1,Font=Times New
(fontspec)             Roman Italic,Style=MathScriptScript}}].
(fontspec)              
(fontspec)              This font family consists of the following NFSS
(fontspec)             series/shapes:
(fontspec)              
(fontspec)             - 'normal' (m/n) with NFSS spec.: <10.5->"Times New
(fontspec)             Roman
(fontspec)             Italic/OT:script=math;language=dflt;"<8.1-10.5>"Times
(fontspec)             New Roman
(fontspec)             Italic/OT:script=math;language=dflt;+ssty=0;"<-8.1>"Time
s
(fontspec)             New Roman Italic/OT:script=math;language=dflt;+ssty=1;"
(fontspec)             - 'bold' (b/n) with NFSS spec.: <->"Times New Roman
(fontspec)             Italic/B/OT:script=math;language=dflt;"

\sym__um_fam1=\mathgroup11
LaTeX Font Info:    Overwriting symbol font `__um_fam1' in version `normal'
(Font)                  TU/TimesNewRomanItalic(0)/m/n --> TU/TimesNewRomanItali
c(0)/m/n on input line 303.
LaTeX Font Info:    Overwriting symbol font `__um_fam1' in version `bold'
(Font)                  TU/TimesNewRomanItalic(0)/m/n --> TU/TimesNewRomanItali
c(0)/b/n on input line 303.

Package fontspec Info: 
(fontspec)             Script 'Math' not explicitly supported within font
(fontspec)             'Latin Modern Roman'. Check the typeset output, and if
(fontspec)             it is okay then ignore this warning. Otherwise a
(fontspec)             different font should be chosen.


Package fontspec Info: 
(fontspec)             Latin Modern Roman scale = 1.


Package fontspec Info: 
(fontspec)             Latin Modern Roman scale = 1.


Package fontspec Info: 
(fontspec)             Latin Modern Roman scale = 1.


Package fontspec Info: 
(fontspec)             Latin Modern Roman scale = 1.


Package fontspec Info: 
(fontspec)             Latin Modern Roman/B scale = 1.


Package fontspec Info: 
(fontspec)             Font family 'LatinModernRoman(0)' created for font
(fontspec)             'Latin Modern Roman' with options
(fontspec)             [BoldItalicFont={},ItalicFont={},SmallCapsFont={},Script
=Math,SizeFeatures={{Size=10.5-},{Size=8.1-10.5,Font=Latin
(fontspec)             Modern Roman,Style=MathScript},{Size=-8.1,Font=Latin
(fontspec)             Modern Roman,Style=MathScriptScript}},Scale={1}].
(fontspec)              
(fontspec)              This font family consists of the following NFSS
(fontspec)             series/shapes:
(fontspec)              
(fontspec)             - 'normal' (m/n) with NFSS spec.: <10.5->s*[1]"Latin
(fontspec)             Modern
(fontspec)             Roman/OT:script=math;language=dflt;"<8.1-10.5>s*[1]"Lati
n
(fontspec)             Modern
(fontspec)             Roman/OT:script=math;language=dflt;+ssty=0;"<-8.1>s*[1]"
Latin
(fontspec)             Modern Roman/OT:script=math;language=dflt;+ssty=1;"
(fontspec)             - 'bold' (b/n) with NFSS spec.: <->s*[1]"Latin Modern
(fontspec)             Roman/B/OT:script=math;language=dflt;"

LaTeX Font Info:    Font shape `TU/LatinModernRoman(0)/m/n' will be
(Font)              scaled to size 12.0pt on input line 304.
\sym__um_fam2=\mathgroup12
LaTeX Font Info:    Overwriting symbol font `__um_fam2' in version `normal'
(Font)                  TU/LatinModernRoman(0)/m/n --> TU/LatinModernRoman(0)/m
/n on input line 304.
LaTeX Font Info:    Overwriting symbol font `__um_fam2' in version `bold'
(Font)                  TU/LatinModernRoman(0)/m/n --> TU/LatinModernRoman(0)/b
/n on input line 304.

Package fontspec Info: 
(fontspec)             Script 'Math' not explicitly supported within font
(fontspec)             'Times New Roman Italic'. Check the typeset output, and
(fontspec)             if it is okay then ignore this warning. Otherwise a
(fontspec)             different font should be chosen.


Package fontspec Info: 
(fontspec)             Times New Roman Italic scale = 1.2.


Package fontspec Info: 
(fontspec)             Times New Roman Italic scale = 1.2.


Package fontspec Info: 
(fontspec)             Times New Roman Italic scale = 1.2.


Package fontspec Info: 
(fontspec)             Times New Roman Italic scale = 1.2.


Package fontspec Info: 
(fontspec)             Times New Roman Italic/B scale = 1.2.


Package fontspec Info: 
(fontspec)             Font family 'TimesNewRomanItalic(1)' created for font
(fontspec)             'Times New Roman Italic' with options
(fontspec)             [BoldItalicFont={},ItalicFont={},SmallCapsFont={},Script
=Math,SizeFeatures={{Size=10.5-},{Size=8.1-10.5,Font=Times
(fontspec)             New Roman
(fontspec)             Italic,Style=MathScript},{Size=-8.1,Font=Times New
(fontspec)             Roman Italic,Style=MathScriptScript}},Scale={1.2}].
(fontspec)              
(fontspec)              This font family consists of the following NFSS
(fontspec)             series/shapes:
(fontspec)              
(fontspec)             - 'normal' (m/n) with NFSS spec.: <10.5->s*[1.2]"Times
(fontspec)             New Roman
(fontspec)             Italic/OT:script=math;language=dflt;"<8.1-10.5>s*[1.2]"T
imes
(fontspec)             New Roman
(fontspec)             Italic/OT:script=math;language=dflt;+ssty=0;"<-8.1>s*[1.
2]"Times
(fontspec)             New Roman Italic/OT:script=math;language=dflt;+ssty=1;"
(fontspec)             - 'bold' (b/n) with NFSS spec.: <->s*[1.2]"Times New
(fontspec)             Roman Italic/B/OT:script=math;language=dflt;"

LaTeX Font Info:    Font shape `TU/TimesNewRomanItalic(1)/m/n' will be
(Font)              scaled to size 14.39996pt on input line 306.
\sym__um_fam3=\mathgroup13
LaTeX Font Info:    Overwriting symbol font `__um_fam3' in version `normal'
(Font)                  TU/TimesNewRomanItalic(1)/m/n --> TU/TimesNewRomanItali
c(1)/m/n on input line 306.
LaTeX Font Info:    Overwriting symbol font `__um_fam3' in version `bold'
(Font)                  TU/TimesNewRomanItalic(1)/m/n --> TU/TimesNewRomanItali
c(1)/b/n on input line 306.

Package fontspec Info: 
(fontspec)             Script 'Math' not explicitly supported within font
(fontspec)             'Latin Modern Roman'. Check the typeset output, and if
(fontspec)             it is okay then ignore this warning. Otherwise a
(fontspec)             different font should be chosen.


Package fontspec Info: 
(fontspec)             Latin Modern Roman scale = 1.2.


Package fontspec Info: 
(fontspec)             Latin Modern Roman scale = 1.2.


Package fontspec Info: 
(fontspec)             Latin Modern Roman scale = 1.2.


Package fontspec Info: 
(fontspec)             Latin Modern Roman scale = 1.2.


Package fontspec Info: 
(fontspec)             Latin Modern Roman/B scale = 1.2.


Package fontspec Info: 
(fontspec)             Font family 'LatinModernRoman(1)' created for font
(fontspec)             'Latin Modern Roman' with options
(fontspec)             [BoldItalicFont={},ItalicFont={},SmallCapsFont={},Script
=Math,SizeFeatures={{Size=10.5-},{Size=8.1-10.5,Font=Latin
(fontspec)             Modern Roman,Style=MathScript},{Size=-8.1,Font=Latin
(fontspec)             Modern Roman,Style=MathScriptScript}},Scale={1.2}].
(fontspec)              
(fontspec)              This font family consists of the following NFSS
(fontspec)             series/shapes:
(fontspec)              
(fontspec)             - 'normal' (m/n) with NFSS spec.: <10.5->s*[1.2]"Latin
(fontspec)             Modern
(fontspec)             Roman/OT:script=math;language=dflt;"<8.1-10.5>s*[1.2]"La
tin
(fontspec)             Modern
(fontspec)             Roman/OT:script=math;language=dflt;+ssty=0;"<-8.1>s*[1.2
]"Latin
(fontspec)             Modern Roman/OT:script=math;language=dflt;+ssty=1;"
(fontspec)             - 'bold' (b/n) with NFSS spec.: <->s*[1.2]"Latin Modern
(fontspec)             Roman/B/OT:script=math;language=dflt;"

LaTeX Font Info:    Font shape `TU/LatinModernRoman(1)/m/n' will be
(Font)              scaled to size 14.39996pt on input line 308.
\sym__um_fam4=\mathgroup14
LaTeX Font Info:    Overwriting symbol font `__um_fam4' in version `normal'
(Font)                  TU/LatinModernRoman(1)/m/n --> TU/LatinModernRoman(1)/m
/n on input line 308.
LaTeX Font Info:    Overwriting symbol font `__um_fam4' in version `bold'
(Font)                  TU/LatinModernRoman(1)/m/n --> TU/LatinModernRoman(1)/b
/n on input line 308.

Package fontspec Info: 
(fontspec)             Script 'Math' not explicitly supported within font
(fontspec)             'Times New Roman Bold'. Check the typeset output, and
(fontspec)             if it is okay then ignore this warning. Otherwise a
(fontspec)             different font should be chosen.


Package fontspec Info: 
(fontspec)             Times New Roman Bold scale = 1.2.


Package fontspec Info: 
(fontspec)             Could not resolve font "Times New Roman Bold/B" (it
(fontspec)             probably doesn't exist).


Package fontspec Info: 
(fontspec)             Times New Roman Bold scale = 1.2.


Package fontspec Info: 
(fontspec)             Times New Roman Bold scale = 1.2.


Package fontspec Info: 
(fontspec)             Times New Roman Bold scale = 1.2.


Package fontspec Info: 
(fontspec)             Font family 'TimesNewRomanBold(0)' created for font
(fontspec)             'Times New Roman Bold' with options
(fontspec)             [BoldItalicFont={},ItalicFont={},SmallCapsFont={},Script
=Math,SizeFeatures={{Size=10.5-},{Size=8.1-10.5,Font=Times
(fontspec)             New Roman Bold,Style=MathScript},{Size=-8.1,Font=Times
(fontspec)             New Roman Bold,Style=MathScriptScript}},Scale={1.2}].
(fontspec)              
(fontspec)              This font family consists of the following NFSS
(fontspec)             series/shapes:
(fontspec)              
(fontspec)             - 'normal' (m/n) with NFSS spec.: <10.5->s*[1.2]"Times
(fontspec)             New Roman
(fontspec)             Bold/OT:script=math;language=dflt;"<8.1-10.5>s*[1.2]"Tim
es
(fontspec)             New Roman
(fontspec)             Bold/OT:script=math;language=dflt;+ssty=0;"<-8.1>s*[1.2]
"Times
(fontspec)             New Roman Bold/OT:script=math;language=dflt;+ssty=1;"

LaTeX Font Info:    Font shape `TU/TimesNewRomanBold(0)/m/n' will be
(Font)              scaled to size 14.39996pt on input line 309.
\sym__um_fam5=\mathgroup15
LaTeX Font Info:    Overwriting symbol font `__um_fam5' in version `normal'
(Font)                  TU/TimesNewRomanBold(0)/m/n --> TU/TimesNewRomanBold(0)
/m/n on input line 309.
LaTeX Font Info:    Overwriting symbol font `__um_fam5' in version `bold'
(Font)                  TU/TimesNewRomanBold(0)/m/n --> TU/TimesNewRomanBold(0)
/b/n on input line 309.

(C:\Program Files\MiKTeX\tex/latex/blkarray\blkarray.sty
Package: blkarray 2015/02/27 v0.07 Block array (dpc)
\c@BAenumi=\count441
\BA@col=\count442
\BA@block@cnt=\count443
\BA@final@box=\box184
\BA@first@box=\box185
\BA@colsep=\dimen355
\BA@ftn=\toks72
\BAextrarowheight=\dimen356
\BAextraheightafterhline=\dimen357
\BAarrayrulewidth=\dimen358
\BAdoublerulesep=\dimen359
\BAfootskip=\dimen360
\BA@dashbox=\box186
\BA@ddashbox=\box187
)
(C:\Program Files\MiKTeX\tex/latex/float\float.sty
Package: float 2001/11/08 v1.3d Float enhancements (AL)
\c@float@type=\count444
\float@exts=\toks73
\float@box=\box188
\@float@everytoks=\toks74
\@floatcapt=\box189
)
(C:\Program Files\MiKTeX\tex/latex/caption\caption.sty
Package: caption 2023/08/05 v3.6o Customizing captions (AR)

(C:\Program Files\MiKTeX\tex/latex/caption\caption3.sty
Package: caption3 2023/07/31 v2.4d caption3 kernel (AR)
\caption@tempdima=\dimen361
\captionmargin=\dimen362
\caption@leftmargin=\dimen363
\caption@rightmargin=\dimen364
\caption@width=\dimen365
\caption@indent=\dimen366
\caption@parindent=\dimen367
\caption@hangindent=\dimen368
Package caption Info: Standard document class detected.
)
\c@caption@flags=\count445
\c@continuedfloat=\count446
Package caption Info: float package is loaded.
Package caption Info: hyperref package is loaded.
Package caption Info: rotating package is loaded.
)
(C:\Program Files\MiKTeX\tex/latex/caption\subcaption.sty
Package: subcaption 2023/07/28 v1.6b Sub-captions (AR)
Package caption Info: New subtype `subfigure' on input line 238.
\c@subfigure=\count447
Package caption Info: New subtype `subtable' on input line 238.
\c@subtable=\count448
)
(C:\Program Files\MiKTeX\tex/latex/wrapfig\wrapfig.sty
\wrapoverhang=\dimen369
\WF@size=\dimen370
\c@WF@wrappedlines=\count449
\WF@box=\box190
\WF@everypar=\toks75
Package: wrapfig 2003/01/31  v 3.6
)
(C:\Program Files\MiKTeX\tex/latex/floatflt\floatflt.sty
Package: floatflt 1997/07/16 v. 1.31
\c@OptionTest=\count450
\figbox=\box191
\tabbox=\box192
\pagebox=\box193
\ffigcount=\count451
\ftabcount=\count452
\fftest=\count453
\hangcount=\count454
\nosuccesstryfig=\count455
\nosuccesstrytab=\count456
\figgutter=\dimen371
\tabgutter=\dimen372
\htdone=\dimen373
\pageht=\dimen374
\startpageht=\dimen375
\tabbredd=\dimen376
\floatfltwidth=\dimen377
\fltitemwidth=\dimen378
\outputpretest=\toks76
)
(C:\Program Files\MiKTeX\tex/latex/carlisle\remreset.sty

Package remreset Warning: The remreset package is obsolete:
(remreset)                \@removefromreset is defined.

) (C:\Program Files\MiKTeX\tex/latex/changepage\changepage.sty
Package: changepage 2009/10/20 v1.0c check page and change page layout
\c@cp@cntr=\count457
\cp@tempcnt=\count458
)
(C:\Program Files\MiKTeX\tex/latex/chngcntr\chngcntr.sty
Package: chngcntr 2018/04/09 v1.1a change counter resetting
Package chngcntr Info: \counterwithout already defined.
(chngcntr)             Quitting chngcntr on input line 21.
)
\myindention=\skip160

(C:\Program Files\MiKTeX\tex/latex/tablefootnote\tablefootnote.sty
Package: tablefootnote 2014/01/26 v1.1c Table foot notes (HMM)

(C:\Program Files\MiKTeX\tex/latex/letltxmacro\letltxmacro.sty
Package: letltxmacro 2019/12/03 v1.6 Let assignment for LaTeX macros (HO)
)
(C:\Program Files\MiKTeX\tex/latex/xifthen\xifthen.sty
Package: xifthen 2015/11/05 v1.4.0 Extended ifthen features

(C:\Program Files\MiKTeX\tex/latex/ifmtarg\ifmtarg.sty
Package: ifmtarg 2018/04/16 v1.2b check for an empty argument
)))
(C:\Program Files\MiKTeX\tex/latex/adjustbox\adjustbox.sty
Package: adjustbox 2025/02/26 v1.3c Adjusting TeX boxes (trim, clip, ...)

(C:\Program Files\MiKTeX\tex/latex/adjustbox\adjcalc.sty
Package: adjcalc 2012/05/16 v1.1 Provides advanced setlength with multiple back
-ends (calc, etex, pgfmath)
)
(C:\Program Files\MiKTeX\tex/latex/adjustbox\trimclip.sty
Package: trimclip 2025/02/21 v1.2a Trim and clip general TeX material

(C:\Program Files\MiKTeX\tex/latex/collectbox\collectbox.sty
Package: collectbox 2022/10/17 v0.4c Collect macro arguments as boxes
\collectedbox=\box194
)
\tc@llx=\dimen379
\tc@lly=\dimen380
\tc@urx=\dimen381
\tc@ury=\dimen382
Package trimclip Info: Using driver 'tc-xetex.def'.

(C:\Program Files\MiKTeX\tex/latex/adjustbox\tc-xetex.def
File: tc-xetex.def 2019/01/04 v2.2 Clipping driver for xetex
))
\adjbox@Width=\dimen383
\adjbox@Height=\dimen384
\adjbox@Depth=\dimen385
\adjbox@Totalheight=\dimen386
\adjbox@pwidth=\dimen387
\adjbox@pheight=\dimen388
\adjbox@pdepth=\dimen389
\adjbox@ptotalheight=\dimen390

(C:\Program Files\MiKTeX\tex/latex/ifoddpage\ifoddpage.sty
Package: ifoddpage 2022/10/18 v1.2 Conditionals for odd/even page detection
\c@checkoddpage=\count459
LaTeX Info: Redefining \checkoddpage on input line 45.
)
(C:\Program Files\MiKTeX\tex/latex/varwidth\varwidth.sty
Package: varwidth 2009/03/30 ver 0.92;  Variable-width minipages
\@vwid@box=\box195
\sift@deathcycles=\count460
\@vwid@loff=\dimen391
\@vwid@roff=\dimen392
)
==> First Aid for varwidth.sty applied!
) (C:\Program Files\MiKTeX\tex/latex/booktabs\booktabs.sty
Package: booktabs 2020/01/12 v1.61803398 Publication quality tables
\heavyrulewidth=\dimen393
\lightrulewidth=\dimen394
\cmidrulewidth=\dimen395
\belowrulesep=\dimen396
\belowbottomsep=\dimen397
\aboverulesep=\dimen398
\abovetopsep=\dimen399
\cmidrulesep=\dimen400
\cmidrulekern=\dimen401
\defaultaddspace=\dimen402
\@cmidla=\count461
\@cmidlb=\count462
\@aboverulesep=\dimen403
\@belowrulesep=\dimen404
\@thisruleclass=\count463
\@lastruleclass=\count464
\@thisrulewidth=\dimen405
)
(C:\Program Files\MiKTeX\tex/latex/tools\longtable.sty
Package: longtable 2025-10-13 v4.24 Multi-page Table package (DPC)
\LTleft=\skip161
\LTright=\skip162
\LTpre=\skip163
\LTpost=\skip164
\LTchunksize=\count465
\LTcapwidth=\dimen406
\LT@head=\box196
\LT@firsthead=\box197
\LT@foot=\box198
\LT@lastfoot=\box199
\LT@gbox=\box256
\LT@cols=\count466
\LT@rows=\count467
\c@LT@tables=\count468
\c@LT@chunks=\count469
\LT@p@ftn=\toks77
)
(C:\Program Files\MiKTeX\tex/latex/makecell\makecell.sty
Package: makecell 2009/08/03 V0.1e Managing of Tab Column Heads and Cells
\rotheadsize=\dimen407
\c@nlinenum=\count470
\TeXr@lab=\toks78
)
(C:\Program Files\MiKTeX\tex/latex/multirow\multirow.sty
Package: multirow 2024/11/12 v2.9 Span multiple rows of a table
\multirow@colwidth=\skip165
\multirow@cntb=\count471
\multirow@dima=\skip166
\bigstrutjot=\dimen408
)
(C:\Program Files\MiKTeX\tex/latex/colortbl\colortbl.sty
Package: colortbl 2026/05/01 v1.0l Color table columns (DPC)
\everycr=\toks79
\minrowclearance=\skip167
\rownum=\count472
)
(C:\Program Files\MiKTeX\tex/latex/tools\tabularx.sty
Package: tabularx 2023/12/11 v2.12a `tabularx' package (DPC)
\TX@col@width=\dimen409
\TX@old@table=\dimen410
\TX@old@col=\dimen411
\TX@target=\dimen412
\TX@delta=\dimen413
\TX@cols=\count473
\TX@ftn=\toks80
)
(C:\Program Files\MiKTeX\tex/latex/threeparttable\threeparttable.sty
Package: threeparttable 2003/06/13  v 3.0
\@tempboxb=\box257
)
\savedwidth=\skip168


Package array Warning: Column i is already defined on input line 674.

\tablebox=\box258
\tabler=\box259
\tablera=\box260
(C:\Program Files\MiKTeX\tex/latex/titlesec\titlesec.sty
Package: titlesec 2025/01/04 v2.17 Sectioning titles
\ttl@box=\box261
\beforetitleunit=\skip169
\aftertitleunit=\skip170
\ttl@plus=\dimen414
\ttl@minus=\dimen415
\ttl@toksa=\toks81
\titlewidth=\dimen416
\titlewidthlast=\dimen417
\titlewidthfirst=\dimen418
)
(C:\Program Files\MiKTeX\tex/latex/appendix\appendix.sty
Package: appendix 2020/02/08 v1.2c extra appendix facilities
\c@@pps=\count474
\c@@ppsavesec=\count475
\c@@ppsaveapp=\count476
)
\c@rchapter=\count477
\c@cchapter=\count478
\c@ranexo=\count479

(C:\Program Files\MiKTeX\tex/latex/titlesec\titletoc.sty
Package: titletoc 2025/01/04 v2.17 TOC entries
\ttl@leftsep=\dimen419
)
(C:\Program Files\MiKTeX\tex/latex/setspace\setspace.sty
Package: setspace 2022/12/04 v6.7b set line spacing
)
(C:\Program Files\MiKTeX\tex/latex/framed\framed.sty
Package: framed 2011/10/22 v 0.96: framed or shaded text with page breaks
\OuterFrameSep=\skip171
\fb@frw=\dimen420
\fb@frh=\dimen421
\FrameRule=\dimen422
\FrameSep=\dimen423
)
(C:\Program Files\MiKTeX\tex/latex/tocloft\tocloft.sty
Package: tocloft 2026-08-21 v3.0b parameterised ToC, etc., typesetting
Package tocloft Info: The document has chapter divisions on input line 64.
\cftparskip=\skip172
\cftbeforetoctitleskip=\skip173
\cftaftertoctitleskip=\skip174
\cftbeforepartskip=\skip175
\cftpartnumwidth=\skip176
\cftpartindent=\skip177
\cftbeforechapskip=\skip178
\cftchapindent=\skip179
\cftchapnumwidth=\skip180
\cftbeforesecskip=\skip181
\cftsecindent=\skip182
\cftsecnumwidth=\skip183
\cftbeforesubsecskip=\skip184
\cftsubsecindent=\skip185
\cftsubsecnumwidth=\skip186
\cftbeforesubsubsecskip=\skip187
\cftsubsubsecindent=\skip188
\cftsubsubsecnumwidth=\skip189
\cftbeforeparaskip=\skip190
\cftparaindent=\skip191
\cftparanumwidth=\skip192
\cftbeforesubparaskip=\skip193
\cftsubparaindent=\skip194
\cftsubparanumwidth=\skip195
\cftbeforeloftitleskip=\skip196
\cftafterloftitleskip=\skip197
\cftbeforefigskip=\skip198
\cftfigindent=\skip199
\cftfignumwidth=\skip256
\c@lofdepth=\count480
\c@lotdepth=\count481
\cftbeforelottitleskip=\skip257
\cftafterlottitleskip=\skip258
\cftbeforetabskip=\skip259
\cfttabindent=\skip260
\cfttabnumwidth=\skip261
)
(C:\Program Files\MiKTeX\tex/latex/glossaries/base\glossaries.sty
Package: glossaries 2026/04/21 v5.1 (NLCT)

(C:\Program Files\MiKTeX\tex/latex/mfirstuc\mfirstuc.sty
Package: mfirstuc 2025/04/03 v2.09 (NLCT)
\@glsmfirst=\toks82
\@glsmrest=\toks83
)
(C:\Program Files\MiKTeX\tex/latex/xfor\xfor.sty
Package: xfor 2009/02/05 v1.05 (NLCT)
)
(C:\Program Files\MiKTeX\tex/latex/tracklang\tracklang.sty
Package: tracklang 2026/05/24 v1.6.8 (NLCT) Track Languages

(C:\Program Files\MiKTeX\tex/generic/tracklang\tracklang.tex)
Package tracklang Info: Tracking dialect `spanish' (language `spanish') on inpu
t line 264.
Package tracklang Info: Tracking dialect `english' (language `english') on inpu
t line 264.
Package tracklang Info: Tracking dialect `english' (language `english') on inpu
t line 264.
Package tracklang Info: Tracking dialect `spanish' (language `spanish') on inpu
t line 264.
)
(C:\Program Files\MiKTeX\tex/latex/translator\translator.sty
Package: translator 2021-05-31 v1.12d Easy translation of strings in LaTeX
)
(C:\Program Files\MiKTeX\tex/latex/glossaries-spanish\glossaries-spanish.ldf
File: glossaries-spanish.ldf 2014/11/23 v1.0

(C:\Program Files\MiKTeX\tex/latex/glossaries-spanish\glossaries-spanish-utf8.l
df))
(C:\Program Files\MiKTeX\tex/latex/glossaries-english\glossaries-english.ldf
File: glossaries-english.ldf 2014/11/23 v1.0
)
(C:\Program Files\MiKTeX\tex/latex/datatool\datatool-base.sty
Package: datatool-base 2026/07/31 v3.4.4 (NLCT)
\l__datatool_tmpa_int=\count482
\l__datatool_tmpb_int=\count483
\l__datatool_tmpc_int=\count484
\l__datatool_tmpd_int=\count485
\l__datatool_count_int=\count486
\l__datatool_tmp_datatype_int=\count487
\l__datatool_tmpa_dim=\dimen424
\l__datatool_tmpb_dim=\dimen425

(C:\Program Files\MiKTeX\tex/latex/datatool\datatool-l3fp.def
File: datatool-l3fp.def 2026/07/31 v3.4.4 (NLCT)
)
\@dtl@toks=\toks84
\@dtl@tmpcount=\count488
\dtl@tmplength=\skip262
\l__datatool_measure_box=\box262
\dtl@sortresult=\count489

(C:\Program Files\MiKTeX\tex/latex/datatool\datatool-utf8.ldf
File: datatool-utf8.ldf 2026/07/31 v3.4.4 (NLCT)
)
\@dtl@datatype=\count490
\c_datatool_unknown_int=\count491
\l__datatool_year_int=\count492
\l__datatool_month_int=\count493
\l__datatool_day_int=\count494
\l__datatool_hour_int=\count495
\l__datatool_minute_int=\count496
\l__datatool_second_int=\count497
\l__datatool_tzhour_int=\count498
\l__datatool_tzminute_int=\count499
\l__datatool_julian_int=\count500
\l__datatool_local_julian_int=\count501
\l__datatool_prefix_int=\count502
\l__datatool_suffix_int=\count503
\@dtl@foreach@level=\count504


Package tracklang Warning: No `datatool' support for dialect `spanish'  on inpu
t line 9924.


Package tracklang Warning: No `datatool' support for dialect `english'  on inpu
t line 9924.

\dtl@codeA=\count505
\dtl@codeB=\count506
)
\gls@level=\count507
\@gls@tmpb=\toks85
\gls@tmplen=\skip263
\l__glossaries_tmpa_dim=\dimen426
\l__glossaries_tmpb_dim=\dimen427
\glskeylisttok=\toks86
\glslabeltok=\toks87
\glsshorttok=\toks88
\glslongtok=\toks89
 (C:\Program Files\MiKTeX\tex/latex/glossaries/styles\glossary-hypernav.sty
Package: glossary-hypernav 2026/04/21 v5.1 (NLCT)
)
(C:\Program Files\MiKTeX\tex/latex/glossaries/styles\glossary-list.sty
Package: glossary-list 2026/04/21 v5.1 (NLCT)
\glslistdottedwidth=\skip264
)
(C:\Program Files\MiKTeX\tex/latex/glossaries/styles\glossary-long.sty
Package: glossary-long 2026/04/21 v5.1 (NLCT)
\glsdescwidth=\skip265
\glspagelistwidth=\skip266
)
(C:\Program Files\MiKTeX\tex/latex/glossaries/styles\glossary-super.sty
Package: glossary-super 2026/04/21 v5.1 (NLCT)

(C:\Program Files\MiKTeX\tex/latex/supertabular\supertabular.sty
Package: supertabular 2025/06/26 v4.2d the supertabular environment
\c@tracingst=\count508
\ST@wd=\dimen428
\ST@rightskip=\skip267
\ST@leftskip=\skip268
\ST@parfillskip=\skip269
\ST@pageleft=\dimen429
\ST@headht=\dimen430
\ST@tailht=\dimen431
\ST@pagesofar=\dimen432
\ST@pboxht=\dimen433
\ST@rowht=\dimen434
\ST@prevht=\dimen435
\ST@toadd=\dimen436
\ST@dimen=\dimen437
\ST@pbox=\box263
))
(C:\Program Files\MiKTeX\tex/latex/glossaries/styles\glossary-tree.sty
Package: glossary-tree 2026/04/21 v5.1 (NLCT)
\l__glossaries_tree_max_known_level_int=\count509
\l__glossaries_tree_offset_dim=\dimen438
\l__glossaries_tree_namewidth_dim=\dimen439
\l__glossaries_tree_symbolwidth_dim=\dimen440
\l__glossaries_tree_prenamesym_width_dim=\dimen441
\l__glossaries_tree_presubnamesym_width_dim=\dimen442
\l__glossaries_tree_namewidth_padding_dim=\dimen443
\l__glossaries_tree_symbolwidth_padding_dim=\dimen444
\l__glossaries_tree_namesymbolwidth_dim=\dimen445
\l__glossaries_tree_namesymbolwidth_padding_dim=\dimen446
\l__glossaries_tree_level_int=\count510
\glstreeindent=\skip270
))
(Capitulos/0_Glosarios.tex
(C:\Program Files\MiKTeX\tex/latex/hyphenat\hyphenat.sty
Package: hyphenat 2009/09/02 v2.3c hyphenation utilities
\langwohyphens=\language80
LaTeX Info: Redefining \_ on input line 43.
))
(C:\Program Files\MiKTeX\tex/latex/csquotes\csquotes.sty
Package: csquotes 2026-05-19 v5.2p context-sensitive quotations (JAW)
\csq@reset=\count511
\csq@gtype=\count512
\csq@glevel=\count513
\csq@qlevel=\count514
\csq@maxlvl=\count515
\csq@tshold=\count516
\csq@ltx@everypar=\toks90

(C:\Program Files\MiKTeX\tex/latex/csquotes\csquotes.def
File: csquotes.def 2026-05-19 v5.2p csquotes generic definitions (JAW)
)
Package csquotes Info: Trying to load configuration file 'csquotes.cfg'...
Package csquotes Info: ... configuration file loaded successfully.

(C:\Program Files\MiKTeX\tex/latex/csquotes\csquotes.cfg
File: csquotes.cfg 
))
(C:\Program Files\MiKTeX\tex/latex/base\shortvrb.sty
Package: shortvrb 2024/12/25 v3.0q Standard LaTeX documentation package V3 (FMi
)
)
(C:\Program Files\MiKTeX\tex/latex/xpatch\xpatch.sty
Package: xpatch 2020/03/25 v0.3a Extending etoolbox patching commands
)
(C:\Program Files\MiKTeX\tex/latex/biblatex\biblatex.sty
Package: biblatex 2025/07/10 v3.21 programmable bibliographies (PK/MW)

(C:\Program Files\MiKTeX\tex/latex/logreq\logreq.sty
Package: logreq 2010/08/04 v1.0 xml request logger
\lrq@indent=\count517

(C:\Program Files\MiKTeX\tex/latex/logreq\logreq.def
File: logreq.def 2010/08/04 v1.0 logreq spec v1.0
))
\c@tabx@nest=\count518
\c@listtotal=\count519
\c@listcount=\count520
\c@liststart=\count521
\c@liststop=\count522
\c@citecount=\count523
\c@citetotal=\count524
\c@multicitecount=\count525
\c@multicitetotal=\count526
\c@instcount=\count527
\c@maxnames=\count528
\c@minnames=\count529
\c@maxitems=\count530
\c@minitems=\count531
\c@citecounter=\count532
\c@maxcitecounter=\count533
\c@savedcitecounter=\count534
\c@uniquelist=\count535
\c@uniquename=\count536
\c@refsection=\count537
\c@refsegment=\count538
\c@maxextratitle=\count539
\c@maxextratitleyear=\count540
\c@maxextraname=\count541
\c@maxextradate=\count542
\c@maxextraalpha=\count543
\c@abbrvpenalty=\count544
\c@highnamepenalty=\count545
\c@lownamepenalty=\count546
\c@maxparens=\count547
\c@parenlevel=\count548
\blx@tempcnta=\count549
\blx@tempcntb=\count550
\blx@tempcntc=\count551
\c@blx@maxsection=\count552
\blx@maxsegment@0=\count553
\blx@notetype=\count554
\blx@parenlevel@text=\count555
\blx@parenlevel@foot=\count556
\blx@sectionciteorder@0=\count557
\blx@sectionciteorderinternal@0=\count558
\blx@entrysetcounter=\count559
\blx@biblioinstance=\count560
\labelnumberwidth=\skip271
\labelalphawidth=\skip272
\biblabelsep=\skip273
\bibitemsep=\skip274
\bibnamesep=\skip275
\bibinitsep=\skip276
\bibparsep=\skip277
\bibhang=\skip278
\blx@bcfin=\read6
\blx@bcfout=\write6
\blx@langwohyphens=\language81
\c@mincomprange=\count561
\c@maxcomprange=\count562
\c@mincompwidth=\count563
Package biblatex Info: Trying to load biblatex default data model...
Package biblatex Info: ... file 'blx-dm.def' found.

(C:\Program Files\MiKTeX\tex/latex/biblatex\blx-dm.def
File: blx-dm.def 2025/07/10 v3.21 biblatex datamodel (PK/MW)
)
Package biblatex Info: Trying to load biblatex style data model...
Package biblatex Info: ... file 'apa.dbx' found.

(C:\Program Files\MiKTeX\tex/latex/biblatex-apa\apa.dbx
File: apa.dbx 2025/08/27 v9.20 APA biblatex style data model
)
Package biblatex Info: Trying to load biblatex custom data model...
Package biblatex Info: ... file 'biblatex-dm.cfg' not found.
\c@afterword=\count564
\c@savedafterword=\count565
\c@annotator=\count566
\c@savedannotator=\count567
\c@author=\count568
\c@savedauthor=\count569
\c@bookauthor=\count570
\c@savedbookauthor=\count571
\c@commentator=\count572
\c@savedcommentator=\count573
\c@editor=\count574
\c@savededitor=\count575
\c@editora=\count576
\c@savededitora=\count577
\c@editorb=\count578
\c@savededitorb=\count579
\c@editorc=\count580
\c@savededitorc=\count581
\c@foreword=\count582
\c@savedforeword=\count583
\c@holder=\count584
\c@savedholder=\count585
\c@introduction=\count586
\c@savedintroduction=\count587
\c@namea=\count588
\c@savednamea=\count589
\c@nameb=\count590
\c@savednameb=\count591
\c@namec=\count592
\c@savednamec=\count593
\c@translator=\count594
\c@savedtranslator=\count595
\c@shortauthor=\count596
\c@savedshortauthor=\count597
\c@shorteditor=\count598
\c@savedshorteditor=\count599
\c@narrator=\count600
\c@savednarrator=\count601
\c@execproducer=\count602
\c@savedexecproducer=\count603
\c@execdirector=\count604
\c@savedexecdirector=\count605
\c@with=\count606
\c@savedwith=\count607
\c@labelname=\count608
\c@savedlabelname=\count609
\c@institution=\count610
\c@savedinstitution=\count611
\c@lista=\count612
\c@savedlista=\count613
\c@listb=\count614
\c@savedlistb=\count615
\c@listc=\count616
\c@savedlistc=\count617
\c@listd=\count618
\c@savedlistd=\count619
\c@liste=\count620
\c@savedliste=\count621
\c@listf=\count622
\c@savedlistf=\count623
\c@location=\count624
\c@savedlocation=\count625
\c@organization=\count626
\c@savedorganization=\count627
\c@origlocation=\count628
\c@savedoriglocation=\count629
\c@origpublisher=\count630
\c@savedorigpublisher=\count631
\c@publisher=\count632
\c@savedpublisher=\count633
\c@language=\count634
\c@savedlanguage=\count635
\c@origlanguage=\count636
\c@savedoriglanguage=\count637
\c@citation=\count638
\c@savedcitation=\count639
\c@pageref=\count640
\c@savedpageref=\count641
\shorthandwidth=\skip279
\shortjournalwidth=\skip280
\shortserieswidth=\skip281
\shorttitlewidth=\skip282
\shortauthorwidth=\skip283
\shorteditorwidth=\skip284
\locallabelnumberwidth=\skip285
\locallabelalphawidth=\skip286
\localshorthandwidth=\skip287
\localshortjournalwidth=\skip288
\localshortserieswidth=\skip289
\localshorttitlewidth=\skip290
\localshortauthorwidth=\skip291
\localshorteditorwidth=\skip292
Package biblatex Info: Trying to load enhanced support for Unicode engines...
Package biblatex Info: ... file 'blx-unicode.def' found.

(C:\Program Files\MiKTeX\tex/latex/biblatex\blx-unicode.def)
Package biblatex Info: Trying to load compatibility code...
Package biblatex Info: ... file 'blx-compat.def' found.

(C:\Program Files\MiKTeX\tex/latex/biblatex\blx-compat.def
File: blx-compat.def 2025/07/10 v3.21 biblatex compatibility (PK/MW)
)
Package biblatex Info: Trying to load generic definitions...
Package biblatex Info: ... file 'biblatex.def' found.

(C:\Program Files\MiKTeX\tex/latex/biblatex\biblatex.def
File: biblatex.def 2025/07/10 v3.21 biblatex compatibility (PK/MW)
\c@textcitecount=\count642
\c@textcitetotal=\count643
\c@textcitemaxnames=\count644
\c@biburlbigbreakpenalty=\count645
\c@biburlbreakpenalty=\count646
\c@biburlnumpenalty=\count647
\c@biburlucpenalty=\count648
\c@biburllcpenalty=\count649
\biburlbigskip=\muskip20
\biburlnumskip=\muskip21
\biburlucskip=\muskip22
\biburllcskip=\muskip23
\c@smartand=\count650
)
Package biblatex Info: Trying to load natbib compatibility...
Package biblatex Info: ... file 'blx-natbib.def' found.

(C:\Program Files\MiKTeX\tex/latex/biblatex\blx-natbib.def
File: blx-natbib.def 2025/07/10 v3.21 biblatex compatibility (PK/MW)
Package biblatex Info: Delimiter 'nameyeardelim' in context '' already defined,
 overwriting.
)
Package biblatex Info: Trying to load bibliography style 'apa'...
Package biblatex Info: ... file 'apa.bbx' found.

(C:\Program Files\MiKTeX\tex/latex/biblatex-apa\apa.bbx
File: apa.bbx 2025/08/27 v9.20 APA biblatex references style
Package biblatex Info: Trying to load bibliography style 'standard'...
Package biblatex Info: ... file 'standard.bbx' found.

(C:\Program Files\MiKTeX\tex/latex/biblatex/bbx\standard.bbx
File: standard.bbx 2025/07/10 v3.21 biblatex bibliography style (PK/MW)
\c@bbx:relatedcount=\count651
\c@bbx:relatedtotal=\count652
)
Package biblatex Info: Delimiter 'nameyeardelim' in context 'bib' already defin
ed, overwriting.
Package biblatex Info: Delimiter 'nameyeardelim' in context 'biblist' already d
efined, overwriting.
Package biblatex Info: Delimiter 'nonameyeardelim' in context 'bib' already def
ined, overwriting.
Package biblatex Info: Delimiter 'nonameyeardelim' in context 'biblist' already
 defined, overwriting.
)
Package biblatex Info: Trying to load citation style 'apa'...
Package biblatex Info: ... file 'apa.cbx' found.

(C:\Program Files\MiKTeX\tex/latex/biblatex-apa\apa.cbx
File: apa.cbx 2025/08/27 v9.20 APA biblatex citation style
Package biblatex Info: Delimiter 'nameyeardelim' in context '' already defined,
 overwriting.
Package biblatex Info: Delimiter 'andothersdelim' in context '' already defined
, overwriting.
Package biblatex Info: Redefining '\fullcite'.
Package biblatex Info: Redefining '\citeauthor'.
Package biblatex Info: Redefining '\citeyear'.
Package biblatex Info: Redefining '\cite'.
Package biblatex Info: Redefining '\cites'.
Package biblatex Info: Redefining '\parencite'.
Package biblatex Info: Redefining '\parencites'.
Package biblatex Info: Redefining '\footcite'.
Package biblatex Info: Redefining '\footcites'.
Package biblatex Info: Redefining '\footcitetext'.
Package biblatex Info: Redefining '\footcitetexts'.
Package biblatex Info: Redefining '\smartcite'.
Package biblatex Info: Redefining '\smartcites'.
Package biblatex Info: Redefining '\textcite'.
Package biblatex Info: Redefining '\textcites'.
)
Package biblatex Info: Trying to load configuration file...
Package biblatex Info: ... file 'biblatex.cfg' found.

(C:\Program Files\MiKTeX\tex/latex/biblatex\biblatex.cfg
File: biblatex.cfg 
)
Package biblatex Info: XeTeX detected.
(biblatex)             Assuming input encoding 'utf8'.
Package biblatex Info: Document encoding is UTF8 ....
Package biblatex Info: ... and expl3
(biblatex)             2025-12-24 L3 programming layer (loader) 
(biblatex)             is new enough (at least 2020/04/06),
(biblatex)             setting 'casechanger=expl3'.

(C:\Program Files\MiKTeX\tex/latex/biblatex\blx-case-expl3.sty
Package: blx-case-expl3 2025/07/10 v3.21 expl3 case changing code for biblatex
))
Package biblatex Info: Delimiter 'finalnamedelim' in context '' already defined
, overwriting on input line 1527.
Package biblatex Info: Delimiter 'finalnamedelim' in context 'textcite' already
 defined, overwriting on input line 1530.


Package biblatex Warning: Macro 'type+institution' undefined.
(biblatex)                Using \newbibmacro on input line 1540.

(C:\Program Files\MiKTeX\tex/latex/fancyhdr\fancyhdr.sty
Package: fancyhdr 2025/02/07 v5.2 Extensive control of page headers and footers

\f@nch@headwidth=\skip293
\f@nch@offset@elh=\skip294
\f@nch@offset@erh=\skip295
\f@nch@offset@olh=\skip296
\f@nch@offset@orh=\skip297
\f@nch@offset@elf=\skip298
\f@nch@offset@erf=\skip299
\f@nch@offset@olf=\skip300
\f@nch@offset@orf=\skip301
\f@nch@height=\skip302
\f@nch@footalignment=\skip303
\f@nch@widthL=\skip304
\f@nch@widthC=\skip305
\f@nch@widthR=\skip306
\@temptokenb=\toks91
)
(C:\Program Files\MiKTeX\tex/latex/listings\listings.sty
\lst@mode=\count653
\lst@gtempboxa=\box264
\lst@token=\toks92
\lst@length=\count654
\lst@currlwidth=\dimen447
\lst@column=\count655
\lst@pos=\count656
\lst@lostspace=\dimen448
\lst@width=\dimen449
\lst@newlines=\count657
\lst@lineno=\count658
\lst@maxwidth=\dimen450

(C:\Program Files\MiKTeX\tex/latex/listings\lstpatch.sty
File: lstpatch.sty 2025/11/14 1.11b (Carsten Heinz)
)
(C:\Program Files\MiKTeX\tex/latex/listings\lstmisc.sty
File: lstmisc.sty 2025/11/14 1.11b (Carsten Heinz)
\c@lstnumber=\count659
\lst@skipnumbers=\count660
\lst@framebox=\box265
)
(C:\Program Files\MiKTeX\tex/latex/listings\listings.cfg
File: listings.cfg 2025/11/14 1.11b listings configuration
))
Package: listings 2025/11/14 1.11b (Carsten Heinz)

==> First Aid for listings.sty no longer applied!
    Expected:
        2024/09/23 1.10c (Carsten Heinz)
    but found:
        2025/11/14 1.11b (Carsten Heinz)
    so I'm assuming it got fixed.
(C:\Program Files\MiKTeX\tex/latex/matlab-prettifier\matlab-prettifier.sty
Package: matlab-prettifier 2014/06/19 v0.3 A package for prettyprinting Matlab 
source code
\netBracketCount@mlpr=\count661
\blkLvl@mlpr=\count662
\blkLvlAtClassdef@mlpr=\count663
\emHeight@mlpr=\skip307
\jayDepth@mlpr=\skip308
\sectionRuleOffset@mlpr=\skip309
\toks@mlpr=\toks93
)
(C:\Program Files\MiKTeX\tex/generic/xint\xintexpr.sty
(C:\Program Files\MiKTeX\tex/generic/xint\xintfrac.sty
(C:\Program Files\MiKTeX\tex/generic/xint\xint.sty
(C:\Program Files\MiKTeX\tex/generic/xint\xintcore.sty
(C:\Program Files\MiKTeX\tex/generic/xint\xintkernel.sty
Package: xintkernel 2025/09/06 v1.4o Paraphernalia for the xint packages (JFB)
\xint_c_x^v=\count664
\xint_c_x^viii=\count665
\xint_c_x^ix=\count666
\xint_c_x^viii_mone=\count667
\xint_c_nine_x^viii=\count668
\xint_c_xi_e_viii_mone=\count669
\xint_c_xii_e_viii=\count670
\xint_c_ii^xv=\count671
\xint_c_ii^xvi=\count672
\xint_c_ii^xxi=\count673
)
Package: xintcore 2025/09/06 v1.4o Expandable arithmetic on big integers (JFB)
)
Package: xint 2025/09/06 v1.4o Expandable operations on big integers (JFB)
)
Package: xintfrac 2025/09/06 v1.4o Expandable operations on fractions (JFB)
)
(C:\Program Files\MiKTeX\tex/generic/xint\xinttools.sty
Package: xinttools 2025/09/06 v1.4o Expandable and non-expandable utilities (JF
B)
\XINT_toks=\toks94
)
(C:\Program Files\MiKTeX\tex/generic/xint\xintbinhex.sty
Package: xintbinhex 2025/09/06 v1.4o Expandable radix conversions (2, 8, 10, an
d 16) (JFB)
)
Package: xintexpr 2025/09/06 v1.4o Expandable expression parser (JFB)

(C:\Program Files\MiKTeX\tex/generic/xint\xinttrig.sty
Package: xinttrig 2025/09/06 v1.4o Trigonometrical functions for xintexpr (JFB)

)
(C:\Program Files\MiKTeX\tex/generic/xint\xintlog.sty
Package: xintlog 2025/09/06 v1.4o Logarithms and exponentials for xintexpr (JFB
)

(C:\Program Files\MiKTeX\tex/latex/poormanlog\poormanlog.sty
Package: poormanlog 2022/05/25 v0.07 base 10 log and pow with 9 digits (JFB)

(C:\Program Files\MiKTeX\tex/generic/poormanlog\poormanlog.tex))))
(C:\Program Files\MiKTeX\tex/latex/enumitem\enumitem.sty
Package: enumitem 2025/02/06 v3.11 Customized lists
\labelindent=\skip310
\enit@outerparindent=\dimen451
\enit@toks=\toks95
\enit@inbox=\box266
\enit@count@id=\count674
\enitdp@description=\count675
)
\c@Problemi=\count676
\enitdp@Problem=\count677

(C:\Program Files\MiKTeX\tex/latex/bbding\bbding.sty
Package: bbding 1999/04/15 v1.01 Dingbats symbols
)
\examlen=\skip311
)
Package csquotes Info: Checking for multilingual support...
Package csquotes Info: ... found 'babel' package.
Package csquotes Info: Adjusting default style.
Package csquotes Info: Redefining alias 'default' -> 'english'.


LaTeX Warning: Unused global option(s):
    [onecite].

(PlantillaTesis.aux (Capitulos/0_Portada.aux
\g__glossaries_gls_ref_main_int=\count678
\g__glossaries_gls_ref_acronym_int=\count679
\g__glossaries_gls_ref_symbols_int=\count680
)
(Capitulos/1_PlanteamientoProblema.aux) (Capitulos/2_MarcoTeorico.aux

LaTeX Warning: Label `tab4:2' multiply defined.


LaTeX Warning: Label `tab4:2' multiply defined.


LaTeX Warning: Label `tab:2_10' multiply defined.


LaTeX Warning: Label `tab4:2' multiply defined.


LaTeX Warning: Label `tab:2_10' multiply defined.


LaTeX Warning: Label `Figcap2_18' multiply defined.


LaTeX Warning: Label `Figcap2_18' multiply defined.

) (Capitulos/3_MetodoInvestigacion.aux

LaTeX Warning: Label `tab:3_2' multiply defined.


LaTeX Warning: Label `tab4:2' multiply defined.


LaTeX Warning: Label `tab4:2' multiply defined.


LaTeX Warning: Label `tab:3_3' multiply defined.


LaTeX Warning: Label `tab4:2' multiply defined.


LaTeX Warning: Label `tab:3_3' multiply defined.


LaTeX Warning: Label `tab4:2' multiply defined.


LaTeX Warning: Label `tab4:2' multiply defined.


LaTeX Warning: Label `tab:3_4' multiply defined.


LaTeX Warning: Label `tab:3_10' multiply defined.


LaTeX Warning: Label `Figcap3_38' multiply defined.


LaTeX Warning: Label `tab4:2' multiply defined.


LaTeX Warning: Label `tab4:2' multiply defined.

) (Capitulos/4_Resultados.aux

LaTeX Warning: Label `Figcap4_05' multiply defined.


LaTeX Warning: Label `tab:4_4' multiply defined.


LaTeX Warning: Label `Figcap3_16' multiply defined.

) (Capitulos/5_Conclusiones.aux) (Capitulos/6_Anexos.aux

LaTeX Warning: Label `sec_AnexoPrograma' multiply defined.


LaTeX Warning: Label `Figcap6_13' multiply defined.


LaTeX Warning: Label `Figcap6_13' multiply defined.

))
\openout1 = `PlantillaTesis.aux'.

LaTeX Font Info:    Checking defaults for OML/cmm/m/it on input line 57.
LaTeX Font Info:    ... okay on input line 57.
LaTeX Font Info:    Checking defaults for OMS/cmsy/m/n on input line 57.
LaTeX Font Info:    ... okay on input line 57.
LaTeX Font Info:    Checking defaults for OT1/cmr/m/n on input line 57.
LaTeX Font Info:    ... okay on input line 57.
LaTeX Font Info:    Checking defaults for T1/cmr/m/n on input line 57.
LaTeX Font Info:    ... okay on input line 57.
LaTeX Font Info:    Checking defaults for TS1/cmr/m/n on input line 57.
LaTeX Font Info:    ... okay on input line 57.
LaTeX Font Info:    Checking defaults for TU/lmr/m/n on input line 57.
LaTeX Font Info:    ... okay on input line 57.
LaTeX Font Info:    Checking defaults for OMX/cmex/m/n on input line 57.
LaTeX Font Info:    ... okay on input line 57.
LaTeX Font Info:    Checking defaults for U/cmr/m/n on input line 57.
LaTeX Font Info:    ... okay on input line 57.
LaTeX Font Info:    Checking defaults for PD1/pdf/m/n on input line 57.
LaTeX Font Info:    ... okay on input line 57.
LaTeX Font Info:    Checking defaults for PU/pdf/m/n on input line 57.
LaTeX Font Info:    ... okay on input line 57.

(C:\Program Files\MiKTeX\tex/latex/translations/dicts\translations-basic-dictio
nary-english.trsl
File: translations-basic-dictionary-english.trsl (english translation file `tra
nslations-basic-dictionary')
)
Package translations Info: loading dictionary `translations-basic-dictionary' f
or `english'. on input line 57.

(C:\Program Files\MiKTeX\tex/latex/translations/dicts\translations-basic-dictio
nary-spanish.trsl
File: translations-basic-dictionary-spanish.trsl (spanish translation file `tra
nslations-basic-dictionary')
)
Package translations Info: loading dictionary `translations-basic-dictionary' f
or `spanish'. on input line 57.
Package hyperref Info: Link coloring ON on input line 57.
 (PlantillaTesis.out) (PlantillaTesis.out)
\@outlinefile=\write7
\openout7 = `PlantillaTesis.out'.


*geometry* driver: auto-detecting
*geometry* detected driver: xetex
*geometry* verbose mode - [ preamble ] result:
* driver: xetex
* paper: a4paper
* layout: <same size as paper>
* layoutoffset:(h,v)=(0.0pt,0.0pt)
* modes: 
* h-part:(L,W,R)=(85.35826pt, 441.01773pt, 71.13188pt)
* v-part:(T,H,B)=(71.13188pt, 702.78308pt, 71.13188pt)
* \paperwidth=597.50787pt
* \paperheight=845.04684pt
* \textwidth=441.01773pt
* \textheight=702.78308pt
* \oddsidemargin=13.08827pt
* \evensidemargin=13.08827pt
* \topmargin=-38.1381pt
* \headheight=12.0pt
* \headsep=25.0pt
* \topskip=12.0pt
* \footskip=30.0pt
* \marginparwidth=35.0pt
* \marginparsep=10.0pt
* \columnsep=10.0pt
* \skip\footins=10.8pt plus 4.0pt minus 2.0pt
* \hoffset=0.0pt
* \voffset=0.0pt
* \mag=1000
* \@twocolumnfalse
* \@twosidefalse
* \@mparswitchfalse
* \@reversemarginfalse
* (1in=72.27pt=25.4mm, 1cm=28.453pt)

Package microtype Info: Patching varwidth to enable character protrusion.
\MT@vwid@leftmargin=\dimen452
\MT@vwid@rightmargin=\dimen453
LaTeX Info: Redefining \microtypecontext on input line 57.
Package microtype Info: Applying patch `item' on input line 57.

Package microtype Warning: Unable to apply patch `toc' on input line 57.

Package microtype Info: Applying patch `eqnum' on input line 57.

Package microtype Warning: Unable to apply patch `footnote' on input line 57.

Package microtype Info: Applying patch `verbatim' on input line 57.
LaTeX Info: Redefining \microtypesetup on input line 57.
Package microtype Info: Character protrusion enabled (level 2).
Package microtype Info: Using default protrusion set `alltext'.
Package microtype Info: No adjustment of tracking.
Package microtype Info: No adjustment of spacing.
Package microtype Info: No adjustment of kerning.
Package microtype Info: Loading generic protrusion settings for font family
(microtype)             `TimesNewRoman' (encoding: TU).
(microtype)             For optimal results, create family-specific settings.
(microtype)             See the microtype manual for details.
LaTeX Font Info:    Overwriting math alphabet `\mathrm' in version `normal'
(Font)                  TU/XITSMath-Regular.otf(1)/m/n --> TU/TimesNewRoman(0)/
m/n on input line 57.
LaTeX Font Info:    Overwriting math alphabet `\mathit' in version `normal'
(Font)                  OT1/lmr/m/it --> TU/TimesNewRoman(0)/m/it on input line
 57.
LaTeX Font Info:    Overwriting math alphabet `\mathbf' in version `normal'
(Font)                  OT1/lmr/bx/n --> TU/TimesNewRoman(0)/b/n on input line 
57.
LaTeX Font Info:    Overwriting math alphabet `\mathsf' in version `normal'
(Font)                  OT1/lmss/m/n --> TU/lmss/m/n on input line 57.
LaTeX Font Info:    Overwriting math alphabet `\mathsf' in version `bold'
(Font)                  OT1/lmss/bx/n --> TU/lmss/b/n on input line 57.
LaTeX Font Info:    Overwriting math alphabet `\mathtt' in version `normal'
(Font)                  OT1/lmtt/m/n --> TU/lmtt/m/n on input line 57.
LaTeX Font Info:    Overwriting math alphabet `\mathtt' in version `bold'
(Font)                  OT1/lmtt/m/n --> TU/lmtt/b/n on input line 57.

Package unicode-math Warning: Using \overbracket and \underbracket from
(unicode-math)                `mathtools' package.
(unicode-math)                 
(unicode-math)                 Use \Uoverbracket and \Uunderbracket for
(unicode-math)                original `unicode-math' definition.


Package unicode-math Warning: I'm going to overwrite the following commands
(unicode-math)                from the `mathtools' package: 
(unicode-math)                 
(unicode-math)                     \dblcolon, \coloneqq, \Coloneqq, \eqqcolon.
(unicode-math)                
(unicode-math)                 
(unicode-math)                 Note that since I won't overwrite the other
(unicode-math)                colon-like commands, using them will lead to
(unicode-math)                inconsistencies.

Package caption Info: Begin \AtBeginDocument code.
Package caption Info: changepage package is loaded.
\caption@adjustwidth@hsize=\dimen454
\caption@adjustwidth@linewidth=\dimen455
Package caption Info: floatflt package is loaded.
Package caption Info: listings package is loaded.
Package caption Info: longtable package is loaded.
(C:\Program Files\MiKTeX\tex/latex/caption\ltcaption.sty
Package: ltcaption 2021/01/08 v1.4c longtable captions (AR)
)
Package caption Info: supertabular package is loaded.
Package caption Info: threeparttable package is loaded.
Package caption Info: wrapfig package is loaded.
Package caption Info: End \AtBeginDocument code.
Package biblatex Info: Trying to load language 'english' -> 'english-apa'...
Package biblatex Info: ... file 'english-apa.lbx' found.

(C:\Program Files\MiKTeX\tex/latex/biblatex-apa\english-apa.lbx
File: english-apa.lbx 2025/08/27 v9.20 APA biblatex localisation
Package biblatex Info: Trying to load language 'english'...
Package biblatex Info: ... file 'english.lbx' found.

(C:\Program Files\MiKTeX\tex/latex/biblatex/lbx\english.lbx
File: english.lbx 2025/07/10 v3.21 biblatex localization (PK/MW)
)
Package biblatex Info: Trying to load language 'american' -> 'american-apa'...
Package biblatex Info: ... file 'american-apa.lbx' found.

(C:\Program Files\MiKTeX\tex/latex/biblatex-apa\american-apa.lbx
File: american-apa.lbx 2025/08/27 v9.20 APA biblatex localisation
Package biblatex Info: Trying to load language 'american'...
Package biblatex Info: ... file 'american.lbx' found.

(C:\Program Files\MiKTeX\tex/latex/biblatex/lbx\american.lbx
File: american.lbx 2025/07/10 v3.21 biblatex localization (PK/MW)
Package biblatex Info: Trying to load language 'english'...
Package biblatex Info: ... file 'english.lbx' found.

(C:\Program Files\MiKTeX\tex/latex/biblatex/lbx\english.lbx
File: english.lbx 2025/07/10 v3.21 biblatex localization (PK/MW)
))))
Package biblatex Info: Trying to load language 'spanish' -> 'spanish-apa'...
Package biblatex Info: ... file 'spanish-apa.lbx' found.

(C:\Program Files\MiKTeX\tex/latex/biblatex-apa\spanish-apa.lbx
File: spanish-apa.lbx 2025/08/27 v9.20 APA biblatex localisation
Package biblatex Info: Trying to load language 'spanish'...
Package biblatex Info: ... file 'spanish.lbx' found.

(C:\Program Files\MiKTeX\tex/latex/biblatex/lbx\spanish.lbx
File: spanish.lbx 2025/07/10 v3.21 biblatex localization (PK/MW)
)
Package biblatex Info: Trying to load language 'spanish'...
Package biblatex Info: ... file 'spanish.lbx' found.

(C:\Program Files\MiKTeX\tex/latex/biblatex/lbx\spanish.lbx
File: spanish.lbx 2025/07/10 v3.21 biblatex localization (PK/MW)
))
Package biblatex Info: XeTeX detected.
(biblatex)             Assuming input encoding 'utf8'.
Package biblatex Info: Automatic encoding selection.
(biblatex)             Assuming data encoding 'utf8'.
\openout6 = `PlantillaTesis.bcf'.

Package biblatex Info: Trying to load bibliographic data...
Package biblatex Info: ... file 'PlantillaTesis.bbl' found.

(PlantillaTesis.bbl)
Package biblatex Info: Reference section=0 on input line 57.
Package biblatex Info: Reference segment=0 on input line 57.
\c@lstlisting=\count681


LaTeX Warning: Command `\thelstlisting' already defined -- not changed on input
 line 57.

\openout2 = `Capitulos/0_Portada.aux'.

(Capitulos/0_Portada.tex
File: Graficos/0UNSCH.pdf Graphic file (type pdf)
<use Graficos/0UNSCH.pdf>
 [1


]

Package hyperref Warning: bookmark level for unknown rchapter defaults to 0.


Underfull \hbox (badness 1127) in paragraph at lines 67--68
\TU/TimesNewRoman(0)/m/n/12 experimental y análisis de sensibilidad, que aporta
 criterios técnicos para
 []


Underfull \hbox (badness 1412) in paragraph at lines 119--120
\TU/TimesNewRoman(0)/m/n/12 criteria to optimize the geotechnical design of roa
ds and retaining walls,
 []

[2]
Underfull \hbox (badness 10000) in paragraph at lines 130--132

 []

LaTeX Font Info:    Font shape `TU/TimesNewRoman(0)/m/sl' in size <12> not avai
lable
(Font)              Font shape `TU/TimesNewRoman(0)/m/it' tried instead on inpu
t line 141.

Package fancyhdr Warning: \headheight is too small (12.0pt): 
(fancyhdr)                Make it at least 14.49998pt, for example:
(fancyhdr)                \setlength{\headheight}{14.49998pt}.
(fancyhdr)                You might also make \topmargin smaller:
(fancyhdr)                \addtolength{\topmargin}{-2.49998pt}.

[3]
Underfull \hbox (badness 10000) in paragraph at lines 141--141

 []


Underfull \hbox (badness 1348) in paragraph at lines 155--156
\TU/TimesNewRoman(0)/m/n/12 aspectos como la distribución de presiones en los e
jes, modos de carga, secuencias
 []


Underfull \hbox (badness 1436) in paragraph at lines 169--170
[]\TU/TimesNewRoman(0)/b/n/12 Capítulo 3 - Método de la investigación: \TU/Time
sNewRoman(0)/m/n/12 Se describe la metodología de la
 []


Underfull \hbox (badness 1184) in paragraph at lines 169--170
\TU/TimesNewRoman(0)/m/n/12 de cargas por eje, el amortiguamiento de Rayleigh y
 las fronteras absorbentes.
 []

[4

]
Underfull \hbox (badness 3826) in paragraph at lines 172--174
[]\TU/TimesNewRoman(0)/b/n/12 Capítulo 4 - resultados: \TU/TimesNewRoman(0)/m/n
/12 Se presentan y analizan los resultados obtenidos
 []


Underfull \hbox (badness 1057) in paragraph at lines 172--174
\TU/TimesNewRoman(0)/m/n/12 analizando la distribución de desplazamientos, defo
rmaciones y esfuerzos en el
 []


Package fancyhdr Warning: \headheight is too small (12.0pt): 
(fancyhdr)                Make it at least 14.49998pt, for example:
(fancyhdr)                \setlength{\headheight}{14.49998pt}.
(fancyhdr)                You might also make \topmargin smaller:
(fancyhdr)                \addtolength{\topmargin}{-2.49998pt}.

[5]
Package microtype Info: Loading generic protrusion settings for font family
(microtype)             `XITSMath-Regular.otf' (encoding: TU).
(microtype)             For optimal results, create family-specific settings.
(microtype)             See the microtype manual for details.
LaTeX Font Info:    Font shape `TU/XITSMath-Regular.otf(1)/m/n' will be
(Font)              scaled to size 10.79997pt on input line 198.
LaTeX Font Info:    Font shape `TU/XITSMath-Regular.otf(1)/m/n' will be
(Font)              scaled to size 8.63997pt on input line 198.
LaTeX Font Info:    Trying to load font information for OML+lmm on input line 1
98.
 (C:\Program Files\MiKTeX\tex/latex/lm\omllmm.fd
File: omllmm.fd 2015/05/01 v1.6.1 Font defs for Latin Modern
)
LaTeX Font Info:    Font shape `TU/XITSMath-Regular.otf(2)/m/n' will be
(Font)              scaled to size 14.40143pt on input line 198.
LaTeX Font Info:    Font shape `TU/XITSMath-Regular.otf(2)/m/n' will be
(Font)              scaled to size 10.80107pt on input line 198.
LaTeX Font Info:    Font shape `TU/XITSMath-Regular.otf(2)/m/n' will be
(Font)              scaled to size 8.64084pt on input line 198.
LaTeX Font Info:    Font shape `TU/XITSMath-Regular.otf(3)/m/n' will be
(Font)              scaled to size 14.3985pt on input line 198.
LaTeX Font Info:    Font shape `TU/XITSMath-Regular.otf(3)/m/n' will be
(Font)              scaled to size 10.79887pt on input line 198.
LaTeX Font Info:    Font shape `TU/XITSMath-Regular.otf(3)/m/n' will be
(Font)              scaled to size 8.63908pt on input line 198.
LaTeX Font Info:    Trying to load font information for U+msa on input line 198
.

(C:\Program Files\MiKTeX\tex/latex/amsfonts\umsa.fd
File: umsa.fd 2013/01/14 v3.01 AMS symbols A
)
(C:\Program Files\MiKTeX\tex/latex/microtype\mt-msa.cfg
File: mt-msa.cfg 2006/02/04 v1.1 microtype config. file: AMS symbols (a) (RS)
)
LaTeX Font Info:    Trying to load font information for U+msb on input line 198
.

(C:\Program Files\MiKTeX\tex/latex/amsfonts\umsb.fd
File: umsb.fd 2013/01/14 v3.01 AMS symbols B
)
(C:\Program Files\MiKTeX\tex/latex/microtype\mt-msb.cfg
File: mt-msb.cfg 2005/06/01 v1.0 microtype config. file: AMS symbols (b) (RS)
)
LaTeX Font Info:    Trying to load font information for OT1+lmr on input line 1
98.

(C:\Program Files\MiKTeX\tex/latex/lm\ot1lmr.fd
File: ot1lmr.fd 2015/05/01 v1.6.1 Font defs for Latin Modern
)
(C:\Program Files\MiKTeX\tex/latex/microtype\mt-LatinModernRoman.cfg
File: mt-LatinModernRoman.cfg 2026/02/26 v1.2 microtype config. file: Latin Mod
ern Roman (RS)
)
Package microtype Info: Loading generic protrusion settings for font family
(microtype)             `lmr' (encoding: OT1).
(microtype)             For optimal results, create family-specific settings.
(microtype)             See the microtype manual for details.
LaTeX Font Info:    Trying to load font information for OMS+lmsy on input line 
198.

(C:\Program Files\MiKTeX\tex/latex/lm\omslmsy.fd
File: omslmsy.fd 2015/05/01 v1.6.1 Font defs for Latin Modern
)
LaTeX Font Info:    Font shape `U/lasy/b/n' in size <9> not available
(Font)              Font shape `U/lasy/m/n' tried instead on input line 198.
LaTeX Font Info:    Font shape `U/lasy/b/n' in size <7.2> not available
(Font)              Font shape `U/lasy/m/n' tried instead on input line 198.
Package microtype Info: Loading generic protrusion settings for font family
(microtype)             `TimesNewRomanItalic' (encoding: TU).
(microtype)             For optimal results, create family-specific settings.
(microtype)             See the microtype manual for details.
LaTeX Font Info:    Font shape `TU/LatinModernRoman(0)/m/n' will be
(Font)              scaled to size 9.0pt on input line 198.
LaTeX Font Info:    Font shape `TU/LatinModernRoman(0)/m/n' will be
(Font)              scaled to size 7.2pt on input line 198.
LaTeX Font Info:    Font shape `TU/TimesNewRomanItalic(1)/m/n' will be
(Font)              scaled to size 10.79997pt on input line 198.
LaTeX Font Info:    Font shape `TU/TimesNewRomanItalic(1)/m/n' will be
(Font)              scaled to size 8.63997pt on input line 198.
LaTeX Font Info:    Font shape `TU/LatinModernRoman(1)/m/n' will be
(Font)              scaled to size 10.79997pt on input line 198.
LaTeX Font Info:    Font shape `TU/LatinModernRoman(1)/m/n' will be
(Font)              scaled to size 8.63997pt on input line 198.
Package microtype Info: Loading generic protrusion settings for font family
(microtype)             `TimesNewRomanBold' (encoding: TU).
(microtype)             For optimal results, create family-specific settings.
(microtype)             See the microtype manual for details.
LaTeX Font Info:    Font shape `TU/TimesNewRomanBold(0)/m/n' will be
(Font)              scaled to size 10.79997pt on input line 198.
LaTeX Font Info:    Font shape `TU/TimesNewRomanBold(0)/m/n' will be
(Font)              scaled to size 8.63997pt on input line 198.

Underfull \hbox (badness 1371) in paragraph at lines 205--206
\TU/TimesNewRoman(0)/m/it/12 su tiempo, un buen ejemplo y un hombro para poder
 []

[6]
Underfull \hbox (badness 10000) in paragraph at lines 213--213

 []


Underfull \hbox (badness 2088) in paragraph at lines 216--217
[]\TU/TimesNewRoman(0)/m/it/12 Al Mgsc. Alex Sander IRCAÑAUPA HUAMANI, asesor d
e la presente
 []


Underfull \hbox (badness 4254) in paragraph at lines 216--217
\TU/TimesNewRoman(0)/m/it/12 la información necesaria para la formulación del p
resente trabajo de
 []

[7

]
Underfull \hbox (badness 10000) in paragraph at lines 243--243

 []

(PlantillaTesis.toc
Underfull \hbox (badness 10000) in paragraph at lines 12--12
[]|[]
 []


Underfull \hbox (badness 10000) in paragraph at lines 31--31
[]|[]
 []

[8

]

Package fancyhdr Warning: \headheight is too small (12.0pt): 
(fancyhdr)                Make it at least 14.87933pt, for example:
(fancyhdr)                \setlength{\headheight}{14.87933pt}.
(fancyhdr)                You might also make \topmargin smaller:
(fancyhdr)                \addtolength{\topmargin}{-2.87933pt}.

[9]
Underfull \hbox (badness 10000) in paragraph at lines 112--112
[]|[]
 []


Package fancyhdr Warning: \headheight is too small (12.0pt): 
(fancyhdr)                Make it at least 14.87933pt, for example:
(fancyhdr)                \setlength{\headheight}{14.87933pt}.
(fancyhdr)                You might also make \topmargin smaller:
(fancyhdr)                \addtolength{\topmargin}{-2.87933pt}.

[10]
Underfull \hbox (badness 10000) in paragraph at lines 144--144
[]|[]
 []


Underfull \hbox (badness 10000) in paragraph at lines 166--166
[]|[]
 []


Underfull \hbox (badness 10000) in paragraph at lines 167--167
[]|[]
 []

)
\tf@toc=\write8
\openout8 = `PlantillaTesis.toc'.



Package fancyhdr Warning: \headheight is too small (12.0pt): 
(fancyhdr)                Make it at least 14.87933pt, for example:
(fancyhdr)                \setlength{\headheight}{14.87933pt}.
(fancyhdr)                You might also make \topmargin smaller:
(fancyhdr)                \addtolength{\topmargin}{-2.87933pt}.

[11]
Underfull \hbox (badness 10000) in paragraph at lines 246--246

 []

(PlantillaTesis.toc)
\tf@toc=\write9
\openout9 = `PlantillaTesis.toc'.

 (PlantillaTesis.lof [12

]

Package fancyhdr Warning: \headheight is too small (12.0pt): 
(fancyhdr)                Make it at least 14.87933pt, for example:
(fancyhdr)                \setlength{\headheight}{14.87933pt}.
(fancyhdr)                You might also make \topmargin smaller:
(fancyhdr)                \addtolength{\topmargin}{-2.87933pt}.

[13])
\tf@lof=\write10
\openout10 = `PlantillaTesis.lof'.



Package fancyhdr Warning: \headheight is too small (12.0pt): 
(fancyhdr)                Make it at least 14.87933pt, for example:
(fancyhdr)                \setlength{\headheight}{14.87933pt}.
(fancyhdr)                You might also make \topmargin smaller:
(fancyhdr)                \addtolength{\topmargin}{-2.87933pt}.

[14]
Underfull \hbox (badness 10000) in paragraph at lines 249--249

 []

(PlantillaTesis.toc)
\tf@toc=\write11
\openout11 = `PlantillaTesis.toc'.

 (PlantillaTesis.lot)
\tf@lot=\write12
\openout12 = `PlantillaTesis.lot'.



Package glossaries Info: Preparing to sort glossary `main' (total number of
(glossaries)             referenced entries: 16)

[15

]
Underfull \hbox (badness 10000) in paragraph at lines 252--252

 []


Underfull \hbox (badness 2035) in paragraph at lines 252--252
[]\TU/TimesNewRoman(0)/m/n/12 Esfuerzo transmitido entre partículas del suelo, 
responsable de su
 []


Underfull \hbox (badness 10000) in paragraph at lines 252--252
[]\TU/TimesNewRoman(0)/m/n/12 Relación matemática que describe el comportamient
o
 []


Underfull \hbox (badness 2103) in paragraph at lines 252--252
[]\TU/TimesNewRoman(0)/m/n/12 Parámetro que relaciona esfuerzo y deformación en
 el rango
 []


Underfull \hbox (badness 3679) in paragraph at lines 252--252
[]\TU/TimesNewRoman(0)/m/n/12 Material seleccionado, colocado y compactado para
 mejorar la
 []


Package glossaries Info: Preparing to sort glossary `acronym' (total number of
(glossaries)             referenced entries: 10)

[16

]
Underfull \hbox (badness 10000) in paragraph at lines 255--255

 []


Package glossaries Info: Preparing to sort glossary `symbols' (total number of
(glossaries)             referenced entries: 17)

[17

]
Underfull \hbox (badness 10000) in paragraph at lines 258--258

 []


LaTeX Font Warning: Font shape `TU/XITSMath-Regular.otf(1)/b/n' undefined
(Font)              using `TU/XITSMath-Regular.otf(1)/m/n' instead on input lin
e 258.

LaTeX Font Info:    Font shape `TU/XITSMath-Regular.otf(1)/b/n' will be
(Font)              scaled to size 10.79997pt on input line 258.
LaTeX Font Info:    Font shape `TU/XITSMath-Regular.otf(1)/b/n' will be
(Font)              scaled to size 8.63997pt on input line 258.

LaTeX Font Warning: Font shape `TU/XITSMath-Regular.otf(2)/b/n' undefined
(Font)              using `TU/XITSMath-Regular.otf(2)/m/n' instead on input lin
e 258.

LaTeX Font Info:    Font shape `TU/XITSMath-Regular.otf(2)/b/n' will be
(Font)              scaled to size 10.80107pt on input line 258.
LaTeX Font Info:    Font shape `TU/XITSMath-Regular.otf(2)/b/n' will be
(Font)              scaled to size 8.64084pt on input line 258.

LaTeX Font Warning: Font shape `TU/XITSMath-Regular.otf(3)/b/n' undefined
(Font)              using `TU/XITSMath-Regular.otf(3)/m/n' instead on input lin
e 258.

LaTeX Font Info:    Font shape `TU/XITSMath-Regular.otf(3)/b/n' will be
(Font)              scaled to size 10.79887pt on input line 258.
LaTeX Font Info:    Font shape `TU/XITSMath-Regular.otf(3)/b/n' will be
(Font)              scaled to size 8.63908pt on input line 258.
LaTeX Font Info:    Font shape `TU/LatinModernRoman(0)/b/n' will be
(Font)              scaled to size 12.0pt on input line 258.
LaTeX Font Info:    Font shape `TU/LatinModernRoman(0)/b/n' will be
(Font)              scaled to size 9.0pt on input line 258.
LaTeX Font Info:    Font shape `TU/LatinModernRoman(0)/b/n' will be
(Font)              scaled to size 7.2pt on input line 258.
LaTeX Font Info:    Font shape `TU/TimesNewRomanItalic(1)/b/n' will be
(Font)              scaled to size 14.39996pt on input line 258.
LaTeX Font Info:    Font shape `TU/TimesNewRomanItalic(1)/b/n' will be
(Font)              scaled to size 10.79997pt on input line 258.
LaTeX Font Info:    Font shape `TU/TimesNewRomanItalic(1)/b/n' will be
(Font)              scaled to size 8.63997pt on input line 258.
LaTeX Font Info:    Font shape `TU/LatinModernRoman(1)/b/n' will be
(Font)              scaled to size 14.39996pt on input line 258.
LaTeX Font Info:    Font shape `TU/LatinModernRoman(1)/b/n' will be
(Font)              scaled to size 10.79997pt on input line 258.
LaTeX Font Info:    Font shape `TU/LatinModernRoman(1)/b/n' will be
(Font)              scaled to size 8.63997pt on input line 258.

LaTeX Font Warning: Font shape `TU/TimesNewRomanBold(0)/b/n' undefined
(Font)              using `TU/TimesNewRomanBold(0)/m/n' instead on input line 2
58.

LaTeX Font Info:    Font shape `TU/TimesNewRomanBold(0)/b/n' will be
(Font)              scaled to size 10.79997pt on input line 258.
LaTeX Font Info:    Font shape `TU/TimesNewRomanBold(0)/b/n' will be
(Font)              scaled to size 8.63997pt on input line 258.
LaTeX Font Info:    Font shape `TU/XITSMath-Regular.otf(1)/b/n' will be
(Font)              scaled to size 14.39996pt on input line 258.
LaTeX Font Info:    Font shape `TU/XITSMath-Regular.otf(2)/b/n' will be
(Font)              scaled to size 14.40143pt on input line 258.
LaTeX Font Info:    Font shape `TU/XITSMath-Regular.otf(3)/b/n' will be
(Font)              scaled to size 14.3985pt on input line 258.
LaTeX Font Info:    Font shape `TU/TimesNewRomanBold(0)/b/n' will be
(Font)              scaled to size 14.39996pt on input line 258.
[18

])
\openout2 = `Capitulos/1_PlanteamientoProblema.aux'.

 (Capitulos/1_PlanteamientoProblema.tex
Chapter I.

Underfull \hbox (badness 10000) in paragraph at lines 18--19

 []


Underfull \hbox (badness 10000) in paragraph at lines 20--21

 []


Underfull \hbox (badness 10000) in paragraph at lines 25--27

 []

[1




]
Underfull \hbox (badness 10000) in paragraph at lines 244--245

 []


Underfull \hbox (badness 10000) in paragraph at lines 246--247

 []

LaTeX Font Info:    Font shape `TU/XITSMath-Regular.otf(1)/m/n' will be
(Font)              scaled to size 11.99997pt on input line 250.
LaTeX Font Info:    Font shape `TU/XITSMath-Regular.otf(1)/m/n' will be
(Font)              scaled to size 8.39998pt on input line 250.
LaTeX Font Info:    Font shape `TU/XITSMath-Regular.otf(1)/m/n' will be
(Font)              scaled to size 5.99998pt on input line 250.
LaTeX Font Info:    Font shape `TU/XITSMath-Regular.otf(2)/m/n' will be
(Font)              scaled to size 12.00119pt on input line 250.
LaTeX Font Info:    Font shape `TU/XITSMath-Regular.otf(2)/m/n' will be
(Font)              scaled to size 8.40083pt on input line 250.
LaTeX Font Info:    Font shape `TU/XITSMath-Regular.otf(2)/m/n' will be
(Font)              scaled to size 6.0006pt on input line 250.
LaTeX Font Info:    Font shape `TU/XITSMath-Regular.otf(3)/m/n' will be
(Font)              scaled to size 11.99875pt on input line 250.
LaTeX Font Info:    Font shape `TU/XITSMath-Regular.otf(3)/m/n' will be
(Font)              scaled to size 8.39912pt on input line 250.
LaTeX Font Info:    Font shape `TU/XITSMath-Regular.otf(3)/m/n' will be
(Font)              scaled to size 5.99937pt on input line 250.
LaTeX Font Info:    Font shape `U/lasy/b/n' in size <7> not available
(Font)              Font shape `U/lasy/m/n' tried instead on input line 250.
LaTeX Font Info:    Font shape `U/lasy/b/n' in size <5> not available
(Font)              Font shape `U/lasy/m/n' tried instead on input line 250.
LaTeX Font Info:    Font shape `TU/LatinModernRoman(0)/m/n' will be
(Font)              scaled to size 10.0pt on input line 250.
LaTeX Font Info:    Font shape `TU/LatinModernRoman(0)/m/n' will be
(Font)              scaled to size 7.0pt on input line 250.
LaTeX Font Info:    Font shape `TU/LatinModernRoman(0)/m/n' will be
(Font)              scaled to size 5.0pt on input line 250.
LaTeX Font Info:    Font shape `TU/TimesNewRomanItalic(1)/m/n' will be
(Font)              scaled to size 11.99997pt on input line 250.
LaTeX Font Info:    Font shape `TU/TimesNewRomanItalic(1)/m/n' will be
(Font)              scaled to size 8.39998pt on input line 250.
LaTeX Font Info:    Font shape `TU/TimesNewRomanItalic(1)/m/n' will be
(Font)              scaled to size 5.99998pt on input line 250.
LaTeX Font Info:    Font shape `TU/LatinModernRoman(1)/m/n' will be
(Font)              scaled to size 11.99997pt on input line 250.
LaTeX Font Info:    Font shape `TU/LatinModernRoman(1)/m/n' will be
(Font)              scaled to size 8.39998pt on input line 250.
LaTeX Font Info:    Font shape `TU/LatinModernRoman(1)/m/n' will be
(Font)              scaled to size 5.99998pt on input line 250.
LaTeX Font Info:    Font shape `TU/TimesNewRomanBold(0)/m/n' will be
(Font)              scaled to size 11.99997pt on input line 250.
LaTeX Font Info:    Font shape `TU/TimesNewRomanBold(0)/m/n' will be
(Font)              scaled to size 8.39998pt on input line 250.
LaTeX Font Info:    Font shape `TU/TimesNewRomanBold(0)/m/n' will be
(Font)              scaled to size 5.99998pt on input line 250.

Package fancyhdr Warning: \headheight is too small (12.0pt): 
(fancyhdr)                Make it at least 14.49998pt, for example:
(fancyhdr)                \setlength{\headheight}{14.49998pt}.
(fancyhdr)                You might also make \topmargin smaller:
(fancyhdr)                \addtolength{\topmargin}{-2.49998pt}.

[2]
File: Figuras/ubicacion.jpg Graphic file (type bmp)
<Figuras/ubicacion.jpg>

Underfull \hbox (badness 2698) in paragraph at lines 276--277
[]\TU/TimesNewRoman(0)/m/n/12 Temática: La presente investigación desarrolla un
 sistema híbrido basado en
 []


Package fancyhdr Warning: \headheight is too small (12.0pt): 
(fancyhdr)                Make it at least 14.49998pt, for example:
(fancyhdr)                \setlength{\headheight}{14.49998pt}.
(fancyhdr)                You might also make \topmargin smaller:
(fancyhdr)                \addtolength{\topmargin}{-2.49998pt}.

[3]
Underfull \hbox (badness 2221) in paragraph at lines 297--298
\TU/TimesNewRoman(0)/m/n/12 Los métodos actuales de inspección de pavimentos fl
exibles en Ayacucho, basados
 []


Underfull \hbox (badness 10000) in paragraph at lines 297--298

 []


Package fancyhdr Warning: \headheight is too small (12.0pt): 
(fancyhdr)                Make it at least 14.49998pt, for example:
(fancyhdr)                \setlength{\headheight}{14.49998pt}.
(fancyhdr)                You might also make \topmargin smaller:
(fancyhdr)                \addtolength{\topmargin}{-2.49998pt}.

[4]
Underfull \hbox (badness 3375) in paragraph at lines 299--300
\TU/TimesNewRoman(0)/m/n/12 de detección automática de fallas en pavimentos bas
ados en aprendizaje profundo
 []


Underfull \hbox (badness 10000) in paragraph at lines 299--300

 []


Package fancyhdr Warning: \headheight is too small (12.0pt): 
(fancyhdr)                Make it at least 14.49998pt, for example:
(fancyhdr)                \setlength{\headheight}{14.49998pt}.
(fancyhdr)                You might also make \topmargin smaller:
(fancyhdr)                \addtolength{\topmargin}{-2.49998pt}.

[5]
Underfull \hbox (badness 3158) in paragraph at lines 323--327
\TU/TimesNewRoman(0)/m/n/12 mediante aprendizaje profundo, visión por computado
ra y lógica difusa, posee un
 []


Package fancyhdr Warning: \headheight is too small (12.0pt): 
(fancyhdr)                Make it at least 14.49998pt, for example:
(fancyhdr)                \setlength{\headheight}{14.49998pt}.
(fancyhdr)                You might also make \topmargin smaller:
(fancyhdr)                \addtolength{\topmargin}{-2.49998pt}.

[6]
Underfull \hbox (badness 10000) in paragraph at lines 339--340
[]\TU/TimesNewRoman(0)/m/n/12 Caracterizar los baches en pavimentos flexibles m
ediante el análisis de
 []

)

Package fancyhdr Warning: \headheight is too small (12.0pt): 
(fancyhdr)                Make it at least 14.49998pt, for example:
(fancyhdr)                \setlength{\headheight}{14.49998pt}.
(fancyhdr)                You might also make \topmargin smaller:
(fancyhdr)                \addtolength{\topmargin}{-2.49998pt}.

[7]
\openout2 = `Capitulos/2_MarcoTeorico.aux'.

 (Capitulos/2_MarcoTeorico.tex
Chapter II.

Underfull \hbox (badness 10000) in paragraph at lines 8--9

 []


Underfull \hbox (badness 1226) in paragraph at lines 10--11
\TU/TimesNewRoman(0)/m/n/12 aprendizaje profundo con imágenes de bases de datos
 públicas como Flickr, Google
 []


Underfull \hbox (badness 1194) in paragraph at lines 10--11
\TU/TimesNewRoman(0)/m/n/12 original en precisión, recuperación y FPS, al reduc
ir capas y ajustar los cuadros de
 []


Underfull \hbox (badness 10000) in paragraph at lines 10--11

 []


Underfull \hbox (badness 1412) in paragraph at lines 12--13
\TU/TimesNewRoman(0)/m/n/12 en detección de bordes con imágenes de pavimento. E
l método incluye tres fases:
 []


Underfull \hbox (badness 1895) in paragraph at lines 12--13
\TU/TimesNewRoman(0)/m/n/12 preprocesamiento (conversión a escala de grises y d
etección de objetos no baches),
 []


Underfull \hbox (badness 10000) in paragraph at lines 12--13

 []

[8




]
Underfull \hbox (badness 10000) in paragraph at lines 14--15

 []


Underfull \hbox (badness 1132) in paragraph at lines 16--17
\TU/TimesNewRoman(0)/m/n/12 (sombras, manchas, texturas). A diferencia de métod
os tradicionales (umbralización,
 []


Underfull \hbox (badness 2600) in paragraph at lines 16--17
\TU/TimesNewRoman(0)/m/n/12 datos etiquetados, MFCD no necesita entrenamiento p
revio y combina información
 []


Underfull \hbox (badness 10000) in paragraph at lines 16--17

 []


Package fancyhdr Warning: \headheight is too small (12.0pt): 
(fancyhdr)                Make it at least 14.49998pt, for example:
(fancyhdr)                \setlength{\headheight}{14.49998pt}.
(fancyhdr)                You might also make \topmargin smaller:
(fancyhdr)                \addtolength{\topmargin}{-2.49998pt}.

[9]
Underfull \hbox (badness 10000) in paragraph at lines 18--19

 []


Underfull \hbox (badness 10000) in paragraph at lines 20--21

 []


Underfull \hbox (badness 10000) in paragraph at lines 22--23

 []


Package fancyhdr Warning: \headheight is too small (12.0pt): 
(fancyhdr)                Make it at least 14.49998pt, for example:
(fancyhdr)                \setlength{\headheight}{14.49998pt}.
(fancyhdr)                You might also make \topmargin smaller:
(fancyhdr)                \addtolength{\topmargin}{-2.49998pt}.

[10]
Underfull \hbox (badness 1158) in paragraph at lines 28--29
\TU/TimesNewRoman(0)/m/n/12 persistentes. Los baches, identificados como obstác
ulos estáticos, causan accidentes,
 []


Underfull \hbox (badness 10000) in paragraph at lines 28--29

 []


Underfull \hbox (badness 3492) in paragraph at lines 30--32
\TU/TimesNewRoman(0)/m/n/12 métodos tradicionales y emergentes para evaluar pav
imentos viales, destacando su
 []


Underfull \hbox (badness 10000) in paragraph at lines 30--32

 []


Package fancyhdr Warning: \headheight is too small (12.0pt): 
(fancyhdr)                Make it at least 14.49998pt, for example:
(fancyhdr)                \setlength{\headheight}{14.49998pt}.
(fancyhdr)                You might also make \topmargin smaller:
(fancyhdr)                \addtolength{\topmargin}{-2.49998pt}.

[11]
Underfull \hbox (badness 1622) in paragraph at lines 33--34
\TU/TimesNewRoman(0)/m/n/12 pavimentos flexible (asfáltico) y rígido (concreto)
, utilizando drones y fotogrametría
 []


Underfull \hbox (badness 10000) in paragraph at lines 33--34

 []


Underfull \hbox (badness 10000) in paragraph at lines 35--36

 []


Underfull \hbox (badness 10000) in paragraph at lines 37--38

 []


Package fancyhdr Warning: \headheight is too small (12.0pt): 
(fancyhdr)                Make it at least 14.49998pt, for example:
(fancyhdr)                \setlength{\headheight}{14.49998pt}.
(fancyhdr)                You might also make \topmargin smaller:
(fancyhdr)                \addtolength{\topmargin}{-2.49998pt}.

[12]
Underfull \hbox (badness 1571) in paragraph at lines 46--49
\TU/TimesNewRoman(0)/m/n/12 reparar y preservar la infraestructura vial y sus e
lementos asociados (como puentes,
 []


Package fancyhdr Warning: \headheight is too small (12.0pt): 
(fancyhdr)                Make it at least 14.49998pt, for example:
(fancyhdr)                \setlength{\headheight}{14.49998pt}.
(fancyhdr)                You might also make \topmargin smaller:
(fancyhdr)                \addtolength{\topmargin}{-2.49998pt}.

[13]
Underfull \hbox (badness 1142) in paragraph at lines 56--58
\TU/TimesNewRoman(0)/m/n/12 diariamente en sus distintos tramos, con el objetiv
o principal de preservar todos los
 []


Underfull \hbox (badness 10000) in paragraph at lines 56--58

 []


Package fancyhdr Warning: \headheight is too small (12.0pt): 
(fancyhdr)                Make it at least 14.49998pt, for example:
(fancyhdr)                \setlength{\headheight}{14.49998pt}.
(fancyhdr)                You might also make \topmargin smaller:
(fancyhdr)                \addtolength{\topmargin}{-2.49998pt}.

[14]
File: Figuras/RUTINARIO.pdf Graphic file (type pdf)
<use Figuras/RUTINARIO.pdf>


Package fancyhdr Warning: \headheight is too small (12.0pt): 
(fancyhdr)                Make it at least 14.49998pt, for example:
(fancyhdr)                \setlength{\headheight}{14.49998pt}.
(fancyhdr)                You might also make \topmargin smaller:
(fancyhdr)                \addtolength{\topmargin}{-2.49998pt}.

[15]
File: Figuras/PERIODICO.pdf Graphic file (type pdf)
<use Figuras/PERIODICO.pdf>


Package fancyhdr Warning: \headheight is too small (12.0pt): 
(fancyhdr)                Make it at least 14.49998pt, for example:
(fancyhdr)                \setlength{\headheight}{14.49998pt}.
(fancyhdr)                You might also make \topmargin smaller:
(fancyhdr)                \addtolength{\topmargin}{-2.49998pt}.

[16]
Underfull \hbox (badness 10000) in paragraph at lines 157--158

 []


Package fancyhdr Warning: \headheight is too small (12.0pt): 
(fancyhdr)                Make it at least 14.49998pt, for example:
(fancyhdr)                \setlength{\headheight}{14.49998pt}.
(fancyhdr)                You might also make \topmargin smaller:
(fancyhdr)                \addtolength{\topmargin}{-2.49998pt}.

[17]
Underfull \hbox (badness 10000) in paragraph at lines 191--193

 []

LaTeX Font Info:    Trying to load font information for U+ding on input line 19
4.
(C:\Program Files\MiKTeX\tex/latex/bbding\uding.fd
File: Uding.fd 1996/02/01 v1.0 BBding font definitions
)
Package microtype Info: Fixing zero \fontdimen 6 for font `U/ding/m/n/12'
(microtype)             (new value: 12.0pt) on input line 194.


Package fancyhdr Warning: \headheight is too small (12.0pt): 
(fancyhdr)                Make it at least 14.49998pt, for example:
(fancyhdr)                \setlength{\headheight}{14.49998pt}.
(fancyhdr)                You might also make \topmargin smaller:
(fancyhdr)                \addtolength{\topmargin}{-2.49998pt}.

[18]

Package fancyhdr Warning: \headheight is too small (12.0pt): 
(fancyhdr)                Make it at least 14.49998pt, for example:
(fancyhdr)                \setlength{\headheight}{14.49998pt}.
(fancyhdr)                You might also make \topmargin smaller:
(fancyhdr)                \addtolength{\topmargin}{-2.49998pt}.

[19]

Package fancyhdr Warning: \headheight is too small (12.0pt): 
(fancyhdr)                Make it at least 14.49998pt, for example:
(fancyhdr)                \setlength{\headheight}{14.49998pt}.
(fancyhdr)                You might also make \topmargin smaller:
(fancyhdr)                \addtolength{\topmargin}{-2.49998pt}.

[20]

Package fancyhdr Warning: \headheight is too small (12.0pt): 
(fancyhdr)                Make it at least 14.49998pt, for example:
(fancyhdr)                \setlength{\headheight}{14.49998pt}.
(fancyhdr)                You might also make \topmargin smaller:
(fancyhdr)                \addtolength{\topmargin}{-2.49998pt}.

[21]

Package fancyhdr Warning: \headheight is too small (12.0pt): 
(fancyhdr)                Make it at least 14.49998pt, for example:
(fancyhdr)                \setlength{\headheight}{14.49998pt}.
(fancyhdr)                You might also make \topmargin smaller:
(fancyhdr)                \addtolength{\topmargin}{-2.49998pt}.

[22]

Package fancyhdr Warning: \headheight is too small (12.0pt): 
(fancyhdr)                Make it at least 14.49998pt, for example:
(fancyhdr)                \setlength{\headheight}{14.49998pt}.
(fancyhdr)                You might also make \topmargin smaller:
(fancyhdr)                \addtolength{\topmargin}{-2.49998pt}.

[23]
Underfull \hbox (badness 1436) in paragraph at lines 363--364
\TU/TimesNewRoman(0)/m/n/12 Fisuras longitudinales y transversales: El nivel 1 
corresponde al concepto del
 []


Underfull \hbox (badness 1033) in paragraph at lines 368--370
\TU/TimesNewRoman(0)/m/n/12 La conservación de pavimentos flexibles en calzada 
y berma, comprende actividades
 []


Package fancyhdr Warning: \headheight is too small (12.0pt): 
(fancyhdr)                Make it at least 14.49998pt, for example:
(fancyhdr)                \setlength{\headheight}{14.49998pt}.
(fancyhdr)                You might also make \topmargin smaller:
(fancyhdr)                \addtolength{\topmargin}{-2.49998pt}.

[24]
Underfull \hbox (badness 1132) in paragraph at lines 377--379
\TU/TimesNewRoman(0)/m/n/12 manuales, seguida de la aplicación de sellador elas
tomérico (emulsión asfáltica
 []


Underfull \hbox (badness 10000) in paragraph at lines 377--379

 []


Underfull \hbox (badness 10000) in paragraph at lines 382--384

 []


Underfull \hbox (badness 1406) in paragraph at lines 387--389
\TU/TimesNewRoman(0)/m/n/12 (profundidad >50 mm). Involucra excavación profunda
, remoción de material
 []


Underfull \hbox (badness 10000) in paragraph at lines 387--389

 []


Package fancyhdr Warning: \headheight is too small (12.0pt): 
(fancyhdr)                Make it at least 14.49998pt, for example:
(fancyhdr)                \setlength{\headheight}{14.49998pt}.
(fancyhdr)                You might also make \topmargin smaller:
(fancyhdr)                \addtolength{\topmargin}{-2.49998pt}.

[25]
Underfull \hbox (badness 10000) in paragraph at lines 392--394

 []


Underfull \hbox (badness 1173) in paragraph at lines 397--399
\TU/TimesNewRoman(0)/m/n/12 (granulares o afirmadas) mediante la adición, redis
tribución y compactación de
 []


Underfull \hbox (badness 10000) in paragraph at lines 397--399

 []


Underfull \hbox (badness 10000) in paragraph at lines 403--405

 []


Underfull \hbox (badness 10000) in paragraph at lines 418--420

 []


Underfull \hbox (badness 10000) in paragraph at lines 423--425

 []


Underfull \hbox (badness 10000) in paragraph at lines 428--430

 []


Package fancyhdr Warning: \headheight is too small (12.0pt): 
(fancyhdr)                Make it at least 14.49998pt, for example:
(fancyhdr)                \setlength{\headheight}{14.49998pt}.
(fancyhdr)                You might also make \topmargin smaller:
(fancyhdr)                \addtolength{\topmargin}{-2.49998pt}.

[26]
Underfull \hbox (badness 1902) in paragraph at lines 433--435
\TU/TimesNewRoman(0)/m/n/12 Fresado superficial fino (microfresado) para restau
rar la macrotextura, mejorar
 []


Underfull \hbox (badness 10000) in paragraph at lines 433--435

 []


Underfull \hbox (badness 10000) in paragraph at lines 438--440

 []


Underfull \hbox (badness 10000) in paragraph at lines 443--445

 []


Underfull \hbox (badness 1137) in paragraph at lines 460--461
\TU/TimesNewRoman(0)/m/n/12 y condición operacional de la superficie (rugosidad
 localizada y seguridad). [][]ASTM
 []


Package fancyhdr Warning: \headheight is too small (12.0pt): 
(fancyhdr)                Make it at least 14.49998pt, for example:
(fancyhdr)                \setlength{\headheight}{14.49998pt}.
(fancyhdr)                You might also make \topmargin smaller:
(fancyhdr)                \addtolength{\topmargin}{-2.49998pt}.

[27]
Underfull \hbox (badness 1314) in paragraph at lines 471--472
\TU/TimesNewRoman(0)/m/n/12 y sistemas que permiten a las computadoras replicar
 capacidades humanas, como el
 []


Package fancyhdr Warning: \headheight is too small (12.0pt): 
(fancyhdr)                Make it at least 14.49998pt, for example:
(fancyhdr)                \setlength{\headheight}{14.49998pt}.
(fancyhdr)                You might also make \topmargin smaller:
(fancyhdr)                \addtolength{\topmargin}{-2.49998pt}.

[28]
Underfull \hbox (badness 2644) in paragraph at lines 479--480
[]\TU/TimesNewRoman(0)/m/n/12 Supervisado: Usa datos etiquetados (entrada-salid
a) para entrenar, como
 []


Underfull \hbox (badness 2088) in paragraph at lines 483--484
[]\TU/TimesNewRoman(0)/m/n/12 Algoritmos: Incluyen redes neuronales (como las c
onvolucionales para visión
 []

LaTeX Font Info:    Font shape `TU/XITSMath-Regular.otf(1)/m/n' will be
(Font)              scaled to size 13.13995pt on input line 494.
LaTeX Font Info:    Font shape `TU/XITSMath-Regular.otf(1)/m/n' will be
(Font)              scaled to size 9.59998pt on input line 494.
LaTeX Font Info:    Font shape `TU/XITSMath-Regular.otf(1)/m/n' will be
(Font)              scaled to size 7.19998pt on input line 494.
LaTeX Font Info:    Font shape `TU/XITSMath-Regular.otf(2)/m/n' will be
(Font)              scaled to size 13.1413pt on input line 494.
LaTeX Font Info:    Font shape `TU/XITSMath-Regular.otf(2)/m/n' will be
(Font)              scaled to size 9.60095pt on input line 494.
LaTeX Font Info:    Font shape `TU/XITSMath-Regular.otf(2)/m/n' will be
(Font)              scaled to size 7.20071pt on input line 494.
LaTeX Font Info:    Font shape `TU/XITSMath-Regular.otf(3)/m/n' will be
(Font)              scaled to size 13.13863pt on input line 494.
LaTeX Font Info:    Font shape `TU/XITSMath-Regular.otf(3)/m/n' will be
(Font)              scaled to size 9.599pt on input line 494.
LaTeX Font Info:    Font shape `TU/XITSMath-Regular.otf(3)/m/n' will be
(Font)              scaled to size 7.19925pt on input line 494.
LaTeX Font Info:    Font shape `U/lasy/b/n' in size <8> not available
(Font)              Font shape `U/lasy/m/n' tried instead on input line 494.
LaTeX Font Info:    Font shape `U/lasy/b/n' in size <6> not available
(Font)              Font shape `U/lasy/m/n' tried instead on input line 494.
LaTeX Font Info:    Font shape `TU/LatinModernRoman(0)/m/n' will be
(Font)              scaled to size 10.95pt on input line 494.
LaTeX Font Info:    Font shape `TU/LatinModernRoman(0)/m/n' will be
(Font)              scaled to size 8.0pt on input line 494.
LaTeX Font Info:    Font shape `TU/LatinModernRoman(0)/m/n' will be
(Font)              scaled to size 6.0pt on input line 494.
LaTeX Font Info:    Font shape `TU/TimesNewRomanItalic(1)/m/n' will be
(Font)              scaled to size 13.13995pt on input line 494.
LaTeX Font Info:    Font shape `TU/TimesNewRomanItalic(1)/m/n' will be
(Font)              scaled to size 9.59998pt on input line 494.
LaTeX Font Info:    Font shape `TU/TimesNewRomanItalic(1)/m/n' will be
(Font)              scaled to size 7.19998pt on input line 494.
LaTeX Font Info:    Font shape `TU/LatinModernRoman(1)/m/n' will be
(Font)              scaled to size 13.13995pt on input line 494.
LaTeX Font Info:    Font shape `TU/LatinModernRoman(1)/m/n' will be
(Font)              scaled to size 9.59998pt on input line 494.
LaTeX Font Info:    Font shape `TU/LatinModernRoman(1)/m/n' will be
(Font)              scaled to size 7.19998pt on input line 494.
LaTeX Font Info:    Font shape `TU/TimesNewRomanBold(0)/m/n' will be
(Font)              scaled to size 13.13995pt on input line 494.
LaTeX Font Info:    Font shape `TU/TimesNewRomanBold(0)/m/n' will be
(Font)              scaled to size 9.59998pt on input line 494.
LaTeX Font Info:    Font shape `TU/TimesNewRomanBold(0)/m/n' will be
(Font)              scaled to size 7.19998pt on input line 494.
LaTeX Font Info:    Font shape `TU/XITSMath-Regular.otf(1)/m/n' will be
(Font)              scaled to size 20.73593pt on input line 494.
LaTeX Font Info:    Font shape `TU/XITSMath-Regular.otf(2)/m/n' will be
(Font)              scaled to size 20.73805pt on input line 494.
LaTeX Font Info:    Font shape `TU/XITSMath-Regular.otf(3)/m/n' will be
(Font)              scaled to size 20.73383pt on input line 494.
LaTeX Font Info:    Font shape `TU/LatinModernRoman(0)/m/n' will be
(Font)              scaled to size 17.28pt on input line 494.
LaTeX Font Info:    Font shape `TU/TimesNewRomanItalic(1)/m/n' will be
(Font)              scaled to size 20.73593pt on input line 494.
LaTeX Font Info:    Font shape `TU/LatinModernRoman(1)/m/n' will be
(Font)              scaled to size 20.73593pt on input line 494.
LaTeX Font Info:    Font shape `TU/TimesNewRomanBold(0)/m/n' will be
(Font)              scaled to size 20.73593pt on input line 494.
LaTeX Font Info:    Font shape `TU/XITSMath-Regular.otf(1)/m/n' will be
(Font)              scaled to size 17.27994pt on input line 494.
LaTeX Font Info:    Font shape `TU/XITSMath-Regular.otf(2)/m/n' will be
(Font)              scaled to size 17.2817pt on input line 494.
LaTeX Font Info:    Font shape `TU/XITSMath-Regular.otf(3)/m/n' will be
(Font)              scaled to size 17.27818pt on input line 494.
LaTeX Font Info:    Font shape `TU/LatinModernRoman(0)/m/n' will be
(Font)              scaled to size 14.4pt on input line 494.
LaTeX Font Info:    Font shape `TU/TimesNewRomanItalic(1)/m/n' will be
(Font)              scaled to size 17.27994pt on input line 494.
LaTeX Font Info:    Font shape `TU/LatinModernRoman(1)/m/n' will be
(Font)              scaled to size 17.27994pt on input line 494.
LaTeX Font Info:    Font shape `TU/TimesNewRomanBold(0)/m/n' will be
(Font)              scaled to size 17.27994pt on input line 494.

Underfull \hbox (badness 10000) in paragraph at lines 502--503

 []


Package fancyhdr Warning: \headheight is too small (12.0pt): 
(fancyhdr)                Make it at least 14.49998pt, for example:
(fancyhdr)                \setlength{\headheight}{14.49998pt}.
(fancyhdr)                You might also make \topmargin smaller:
(fancyhdr)                \addtolength{\topmargin}{-2.49998pt}.

[29]
Underfull \hbox (badness 1005) in paragraph at lines 504--505
[]\TU/TimesNewRoman(0)/m/n/12 (citamos Deep learning) definen el deep learning 
como un conjunto de métodos que
 []


Underfull \hbox (badness 1194) in paragraph at lines 504--505
\TU/TimesNewRoman(0)/m/n/12 redes neuronales artificiales con múltiples capas. 
Explican que estas redes ”extraen
 []


Underfull \hbox (badness 1960) in paragraph at lines 504--505
\TU/TimesNewRoman(0)/m/n/12 patrones simples hasta conceptos complejos, sin nec
esidad de ingeniería manual de
 []


Package hyperref Warning: Difference (2) between bookmark levels is greater 
(hyperref)                than one, level fixed on input line 512.


Package fancyhdr Warning: \headheight is too small (12.0pt): 
(fancyhdr)                Make it at least 14.49998pt, for example:
(fancyhdr)                \setlength{\headheight}{14.49998pt}.
(fancyhdr)                You might also make \topmargin smaller:
(fancyhdr)                \addtolength{\topmargin}{-2.49998pt}.

[30]
Underfull \hbox (badness 6220) in paragraph at lines 514--515
\TU/TimesNewRoman(0)/m/n/12 Procesan imágenes o vídeos para detectar daños supe
rficiales (grietas, corrosión,
 []


Underfull \hbox (badness 3482) in paragraph at lines 541--542
[]\TU/TimesNewRoman(0)/b/n/12 Dependencia de Condiciones de Iluminación:\TU/Tim
esNewRoman(0)/m/n/12 La precisión puede verse
 []


Package fancyhdr Warning: \headheight is too small (12.0pt): 
(fancyhdr)                Make it at least 14.49998pt, for example:
(fancyhdr)                \setlength{\headheight}{14.49998pt}.
(fancyhdr)                You might also make \topmargin smaller:
(fancyhdr)                \addtolength{\topmargin}{-2.49998pt}.

[31]
Underfull \hbox (badness 3919) in paragraph at lines 542--543
[]\TU/TimesNewRoman(0)/b/n/12 o Limitaciones en Cuantificación: \TU/TimesNewRom
an(0)/m/n/12 Sin integración con datos 3D, no
 []


Underfull \hbox (badness 1348) in paragraph at lines 543--544
[]\TU/TimesNewRoman(0)/b/n/12 Conjuntos de Datos Limitados:\TU/TimesNewRoman(0)
/m/n/12 Requiere grandes cantidades de imágenes
 []


Underfull \hbox (badness 1688) in paragraph at lines 555--556
[]\TU/TimesNewRoman(0)/b/n/12 Alta Precisión en Detección:\TU/TimesNewRoman(0)/
m/n/12 Logra tasas de detección >90 $[]$ con redes
 []


Package fancyhdr Warning: \headheight is too small (12.0pt): 
(fancyhdr)                Make it at least 14.49998pt, for example:
(fancyhdr)                \setlength{\headheight}{14.49998pt}.
(fancyhdr)                You might also make \topmargin smaller:
(fancyhdr)                \addtolength{\topmargin}{-2.49998pt}.

[32]
Underfull \hbox (badness 1184) in paragraph at lines 567--569
[]\TU/TimesNewRoman(0)/m/n/12 Sistema basado en reconstrucción tridimensional (
3D) Los sistemas basados en
 []


Underfull \hbox (badness 1112) in paragraph at lines 567--569
\TU/TimesNewRoman(0)/m/n/12 reconstrucción 3D utilizan tecnologías como escáner
es láser, cámaras estéreo o
 []


Underfull \hbox (badness 1931) in paragraph at lines 567--569
\TU/TimesNewRoman(0)/m/n/12 puntos tridimensionales del pavimento. Estos datos 
permiten detectar baches,
 []


Underfull \hbox (badness 2158) in paragraph at lines 575--576
[]\TU/TimesNewRoman(0)/b/n/12 Cuantificación Precisa: \TU/TimesNewRoman(0)/m/n/
12 Proporciona mediciones exactas de dimensiones
 []


Package fancyhdr Warning: \headheight is too small (12.0pt): 
(fancyhdr)                Make it at least 14.49998pt, for example:
(fancyhdr)                \setlength{\headheight}{14.49998pt}.
(fancyhdr)                You might also make \topmargin smaller:
(fancyhdr)                \addtolength{\topmargin}{-2.49998pt}.

[33]
Underfull \hbox (badness 1742) in paragraph at lines 585--586
[]\TU/TimesNewRoman(0)/b/n/12 Sensibilidad a Outliers: \TU/TimesNewRoman(0)/m/n
/12 Factores como vibraciones del vehículo, polvo
 []


Underfull \hbox (badness 1442) in paragraph at lines 585--586
\TU/TimesNewRoman(0)/m/n/12 o superficies reflectantes pueden introducir ruido 
en las nubes de puntos,
 []


Package fancyhdr Warning: \headheight is too small (12.0pt): 
(fancyhdr)                Make it at least 14.49998pt, for example:
(fancyhdr)                \setlength{\headheight}{14.49998pt}.
(fancyhdr)                You might also make \topmargin smaller:
(fancyhdr)                \addtolength{\topmargin}{-2.49998pt}.

[34]
Underfull \hbox (badness 2096) in paragraph at lines 605--608
\TU/TimesNewRoman(0)/m/n/12 La lógica difusa es un enfoque matemático que extie
nde la lógica clásica (binaria,
 []


Underfull \hbox (badness 1831) in paragraph at lines 605--608
\TU/TimesNewRoman(0)/m/n/12 binarios (verdadero/falso, 0/1), la lógica difusa a
signa grados de pertenencia en un
 []


Package fancyhdr Warning: \headheight is too small (12.0pt): 
(fancyhdr)                Make it at least 14.49998pt, for example:
(fancyhdr)                \setlength{\headheight}{14.49998pt}.
(fancyhdr)                You might also make \topmargin smaller:
(fancyhdr)                \addtolength{\topmargin}{-2.49998pt}.

[35]

Package hyperref Warning: Difference (2) between bookmark levels is greater 
(hyperref)                than one, level fixed on input line 614.


Package fancyhdr Warning: \headheight is too small (12.0pt): 
(fancyhdr)                Make it at least 14.49998pt, for example:
(fancyhdr)                \setlength{\headheight}{14.49998pt}.
(fancyhdr)                You might also make \topmargin smaller:
(fancyhdr)                \addtolength{\topmargin}{-2.49998pt}.

[36]
Underfull \hbox (badness 2005) in paragraph at lines 703--704
\TU/TimesNewRoman(0)/m/n/12 resultados mostraron que el incremento de la distan
cia de compactación reduce las
 []


Package fancyhdr Warning: \headheight is too small (12.0pt): 
(fancyhdr)                Make it at least 14.49998pt, for example:
(fancyhdr)                \setlength{\headheight}{14.49998pt}.
(fancyhdr)                You might also make \topmargin smaller:
(fancyhdr)                \addtolength{\topmargin}{-2.49998pt}.

[37]
Underfull \hbox (badness 1460) in paragraph at lines 709--710
\TU/TimesNewRoman(0)/m/n/12 sometidos a cargas móviles. El modelo representó el
 relleno mediante un material
 []


Underfull \hbox (badness 1173) in paragraph at lines 709--710
\TU/TimesNewRoman(0)/m/n/12 viscoelástico equivalente y simuló el tránsito vehi
cular mediante cargas rectangulares
 []


Underfull \hbox (badness 5274) in paragraph at lines 709--710
\TU/TimesNewRoman(0)/m/n/12 considerando distintos tipos de refuerzo, niveles d
e sobrecarga y velocidades de
 []


Package fancyhdr Warning: \headheight is too small (12.0pt): 
(fancyhdr)                Make it at least 14.49998pt, for example:
(fancyhdr)                \setlength{\headheight}{14.49998pt}.
(fancyhdr)                You might also make \topmargin smaller:
(fancyhdr)                \addtolength{\topmargin}{-2.49998pt}.

[38]

Package fancyhdr Warning: \headheight is too small (12.0pt): 
(fancyhdr)                Make it at least 14.49998pt, for example:
(fancyhdr)                \setlength{\headheight}{14.49998pt}.
(fancyhdr)                You might also make \topmargin smaller:
(fancyhdr)                \addtolength{\topmargin}{-2.49998pt}.

[39]
Underfull \hbox (badness 3590) in paragraph at lines 751--752
\TU/TimesNewRoman(0)/m/n/12 a profundidades conocido como bulbo de presiones-de
formaciones, y la obtención
 []


Underfull \hbox (badness 1270) in paragraph at lines 751--752
\TU/TimesNewRoman(0)/m/n/12 de parámetros para las condiciones iniciales en las
 simulaciones que podrían no ser
 []


Underfull \hbox (badness 1902) in paragraph at lines 753--754
[]\TU/TimesNewRoman(0)/m/n/12 Según [][]Kahlström, [][]2013[][] en su trabajo d
e investigación \TU/TimesNewRoman(0)/b/n/12 ”Plaxis 2D Comparison of
 []


Package fancyhdr Warning: \headheight is too small (12.0pt): 
(fancyhdr)                Make it at least 14.49998pt, for example:
(fancyhdr)                \setlength{\headheight}{14.49998pt}.
(fancyhdr)                You might also make \topmargin smaller:
(fancyhdr)                \addtolength{\topmargin}{-2.49998pt}.

[40]

Package fancyhdr Warning: \headheight is too small (12.0pt): 
(fancyhdr)                Make it at least 14.49998pt, for example:
(fancyhdr)                \setlength{\headheight}{14.49998pt}.
(fancyhdr)                You might also make \topmargin smaller:
(fancyhdr)                \addtolength{\topmargin}{-2.49998pt}.

[41]
Underfull \hbox (badness 1472) in paragraph at lines 776--777
\TU/TimesNewRoman(0)/m/it/12 Especificaciones Técnicas Generales para Construcc
ión, Ministerio de Transportes y
 []


Package fancyhdr Warning: \headheight is too small (12.0pt): 
(fancyhdr)                Make it at least 14.49998pt, for example:
(fancyhdr)                \setlength{\headheight}{14.49998pt}.
(fancyhdr)                You might also make \topmargin smaller:
(fancyhdr)                \addtolength{\topmargin}{-2.49998pt}.

[42]
File: Figuras/terraplen2.pdf Graphic file (type pdf)
<use Figuras/terraplen2.pdf>

Overfull \hbox (43.80199pt too wide) in paragraph at lines 782--783
 [][] 
 []


Package fancyhdr Warning: \headheight is too small (12.0pt): 
(fancyhdr)                Make it at least 14.49998pt, for example:
(fancyhdr)                \setlength{\headheight}{14.49998pt}.
(fancyhdr)                You might also make \topmargin smaller:
(fancyhdr)                \addtolength{\topmargin}{-2.49998pt}.

[43]
Underfull \hbox (badness 3503) in paragraph at lines 795--796
[]\TU/TimesNewRoman(0)/m/n/12 Proporcionar estabilidad a estructuras como estri
bos, muros de contención y
 []


Underfull \hbox (badness 1097) in paragraph at lines 799--800
\TU/TimesNewRoman(0)/m/n/12 estructurales es crucial para evitar fallos anticip
ados en el pavimento, deformaciones
 []


Underfull \hbox (badness 2035) in paragraph at lines 805--806
[]\TU/TimesNewRoman(0)/m/n/12 Manual de Carreteras: Especificaciones técnicas g
enerales para construcción -
 []


Underfull \hbox (badness 2173) in paragraph at lines 815--816
\TU/TimesNewRoman(0)/m/n/12 EL [][]\TU/TimesNewRoman(0)/m/it/12 Manual de carre
teras: Especificaciones Técnicas Generales para Construcción,
 []


Package fancyhdr Warning: \headheight is too small (12.0pt): 
(fancyhdr)                Make it at least 14.49998pt, for example:
(fancyhdr)                \setlength{\headheight}{14.49998pt}.
(fancyhdr)                You might also make \topmargin smaller:
(fancyhdr)                \addtolength{\topmargin}{-2.49998pt}.

[44]

Package fancyhdr Warning: \headheight is too small (12.0pt): 
(fancyhdr)                Make it at least 14.49998pt, for example:
(fancyhdr)                \setlength{\headheight}{14.49998pt}.
(fancyhdr)                You might also make \topmargin smaller:
(fancyhdr)                \addtolength{\topmargin}{-2.49998pt}.

[45]
Underfull \hbox (badness 1184) in paragraph at lines 885--886
[]\TU/TimesNewRoman(0)/m/n/12 El [][]\TU/TimesNewRoman(0)/m/it/12 Manual de car
reteras: Suelos, Geología, Geotecnia y Pavimentos, Ministerio de
 []


Package fancyhdr Warning: \headheight is too small (12.0pt): 
(fancyhdr)                Make it at least 14.49998pt, for example:
(fancyhdr)                \setlength{\headheight}{14.49998pt}.
(fancyhdr)                You might also make \topmargin smaller:
(fancyhdr)                \addtolength{\topmargin}{-2.49998pt}.

[46]
File: Figuras/esfuerzo.png Graphic file (type bmp)
<Figuras/esfuerzo.png>


Package fancyhdr Warning: \headheight is too small (12.0pt): 
(fancyhdr)                Make it at least 14.49998pt, for example:
(fancyhdr)                \setlength{\headheight}{14.49998pt}.
(fancyhdr)                You might also make \topmargin smaller:
(fancyhdr)                \addtolength{\topmargin}{-2.49998pt}.

[47]
File: Figuras/lineal.png Graphic file (type bmp)
<Figuras/lineal.png>


Package fancyhdr Warning: \headheight is too small (12.0pt): 
(fancyhdr)                Make it at least 14.49998pt, for example:
(fancyhdr)                \setlength{\headheight}{14.49998pt}.
(fancyhdr)                You might also make \topmargin smaller:
(fancyhdr)                \addtolength{\topmargin}{-2.49998pt}.

[48]
File: Figuras/area.png Graphic file (type bmp)
<Figuras/area.png>


Package fancyhdr Warning: \headheight is too small (12.0pt): 
(fancyhdr)                Make it at least 14.49998pt, for example:
(fancyhdr)                \setlength{\headheight}{14.49998pt}.
(fancyhdr)                You might also make \topmargin smaller:
(fancyhdr)                \addtolength{\topmargin}{-2.49998pt}.

[49]
File: Figuras/schmaer.jpg Graphic file (type bmp)
<Figuras/schmaer.jpg>


Package fancyhdr Warning: \headheight is too small (12.0pt): 
(fancyhdr)                Make it at least 14.49998pt, for example:
(fancyhdr)                \setlength{\headheight}{14.49998pt}.
(fancyhdr)                You might also make \topmargin smaller:
(fancyhdr)                \addtolength{\topmargin}{-2.49998pt}.

[50]
Underfull \hbox (badness 1590) in paragraph at lines 1057--1058
[]\TU/TimesNewRoman(0)/m/n/12 Asentamiento por consolidación primaria, ocurre p
or la variación de esfuerzos
 []

File: Figuras/compresion.png Graphic file (type bmp)
<Figuras/compresion.png>

Package fancyhdr Warning: \headheight is too small (12.0pt): 
(fancyhdr)                Make it at least 14.49998pt, for example:
(fancyhdr)                \setlength{\headheight}{14.49998pt}.
(fancyhdr)                You might also make \topmargin smaller:
(fancyhdr)                \addtolength{\topmargin}{-2.49998pt}.

[51]

Package fancyhdr Warning: \headheight is too small (12.0pt): 
(fancyhdr)                Make it at least 14.49998pt, for example:
(fancyhdr)                \setlength{\headheight}{14.49998pt}.
(fancyhdr)                You might also make \topmargin smaller:
(fancyhdr)                \addtolength{\topmargin}{-2.49998pt}.

[52]
File: Figuras/bulbos.png Graphic file (type bmp)
<Figuras/bulbos.png>


Package fancyhdr Warning: \headheight is too small (12.0pt): 
(fancyhdr)                Make it at least 14.49998pt, for example:
(fancyhdr)                \setlength{\headheight}{14.49998pt}.
(fancyhdr)                You might also make \topmargin smaller:
(fancyhdr)                \addtolength{\topmargin}{-2.49998pt}.

[53]

Package fancyhdr Warning: \headheight is too small (12.0pt): 
(fancyhdr)                Make it at least 14.49998pt, for example:
(fancyhdr)                \setlength{\headheight}{14.49998pt}.
(fancyhdr)                You might also make \topmargin smaller:
(fancyhdr)                \addtolength{\topmargin}{-2.49998pt}.

[54]
File: Figuras/tensor_esfuerzos.png Graphic file (type bmp)
<Figuras/tensor_esfuerzos.png>
File: Figuras/tensor_deformaciones.png Graphic file (type bmp)
<Figuras/tensor_deformaciones.png>


Package fancyhdr Warning: \headheight is too small (12.0pt): 
(fancyhdr)                Make it at least 14.49998pt, for example:
(fancyhdr)                \setlength{\headheight}{14.49998pt}.
(fancyhdr)                You might also make \topmargin smaller:
(fancyhdr)                \addtolength{\topmargin}{-2.49998pt}.

[55]
File: Figuras/modelos_constitutivos.png Graphic file (type bmp)
<Figuras/modelos_constitutivos.png>


Package fancyhdr Warning: \headheight is too small (12.0pt): 
(fancyhdr)                Make it at least 14.49998pt, for example:
(fancyhdr)                \setlength{\headheight}{14.49998pt}.
(fancyhdr)                You might also make \topmargin smaller:
(fancyhdr)                \addtolength{\topmargin}{-2.49998pt}.

[56]
File: Figuras/comparacion.pdf Graphic file (type pdf)
<use Figuras/comparacion.pdf>

Underfull \hbox (badness 1092) in paragraph at lines 1273--1274
\TU/TimesNewRoman(0)/m/n/12 que resulta útil para determinar estados límites. N
o obstante, al abordar el análisis
 []


Package fancyhdr Warning: \headheight is too small (12.0pt): 
(fancyhdr)                Make it at least 14.49998pt, for example:
(fancyhdr)                \setlength{\headheight}{14.49998pt}.
(fancyhdr)                You might also make \topmargin smaller:
(fancyhdr)                \addtolength{\topmargin}{-2.49998pt}.

[57]
File: Figuras/modelos2.png Graphic file (type bmp)
<Figuras/modelos2.png>

Overfull \hbox (15.36086pt too wide) in paragraph at lines 1279--1280
 [][] 
 []

File: Figuras/hard_01.pdf Graphic file (type pdf)
<use Figuras/hard_01.pdf>

Package fancyhdr Warning: \headheight is too small (12.0pt): 
(fancyhdr)                Make it at least 14.49998pt, for example:
(fancyhdr)                \setlength{\headheight}{14.49998pt}.
(fancyhdr)                You might also make \topmargin smaller:
(fancyhdr)                \addtolength{\topmargin}{-2.49998pt}.

[58]
Underfull \hbox (badness 1953) in paragraph at lines 1313--1314
[]\TU/TimesNewRoman(0)/m/n/12 Puede simular el comportamiento de suelos granula
res sueltos o finos normalmente
 []

File: Figuras/mohr.png Graphic file (type bmp)
<Figuras/mohr.png>

Overfull \hbox (10.88466pt too wide) in paragraph at lines 1317--1318
 [][] 
 []


Package fancyhdr Warning: \headheight is too small (12.0pt): 
(fancyhdr)                Make it at least 14.49998pt, for example:
(fancyhdr)                \setlength{\headheight}{14.49998pt}.
(fancyhdr)                You might also make \topmargin smaller:
(fancyhdr)                \addtolength{\topmargin}{-2.49998pt}.

[59]
Underfull \hbox (badness 1648) in paragraph at lines 1346--1347
\TU/TimesNewRoman(0)/m/n/12 plásticas irreversibles por compresión primaria baj
o cargas edométricas e isotrópicas
 []


Underfull \hbox (badness 1360) in paragraph at lines 1346--1347
\TU/TimesNewRoman(0)/m/n/12 (endurecimiento por compresión), Se supone una regl
a de flujo no asociada para el
 []

File: Figuras/hard_02.pdf Graphic file (type pdf)
<use Figuras/hard_02.pdf>

Package fancyhdr Warning: \headheight is too small (12.0pt): 
(fancyhdr)                Make it at least 14.49998pt, for example:
(fancyhdr)                \setlength{\headheight}{14.49998pt}.
(fancyhdr)                You might also make \topmargin smaller:
(fancyhdr)                \addtolength{\topmargin}{-2.49998pt}.

[60]

Package fancyhdr Warning: \headheight is too small (12.0pt): 
(fancyhdr)                Make it at least 14.49998pt, for example:
(fancyhdr)                \setlength{\headheight}{14.49998pt}.
(fancyhdr)                You might also make \topmargin smaller:
(fancyhdr)                \addtolength{\topmargin}{-2.49998pt}.

[61]
File: Figuras/hs_1.png Graphic file (type bmp)
<Figuras/hs_1.png>

Overfull \hbox (41.54616pt too wide) in paragraph at lines 1434--1435
 [][] 
 []


Package fancyhdr Warning: \headheight is too small (12.0pt): 
(fancyhdr)                Make it at least 14.49998pt, for example:
(fancyhdr)                \setlength{\headheight}{14.49998pt}.
(fancyhdr)                You might also make \topmargin smaller:
(fancyhdr)                \addtolength{\topmargin}{-2.49998pt}.

[62]
File: Figuras/hs_2.png Graphic file (type bmp)
<Figuras/hs_2.png>


Package fancyhdr Warning: \headheight is too small (12.0pt): 
(fancyhdr)                Make it at least 14.49998pt, for example:
(fancyhdr)                \setlength{\headheight}{14.49998pt}.
(fancyhdr)                You might also make \topmargin smaller:
(fancyhdr)                \addtolength{\topmargin}{-2.49998pt}.

[63]

Package fancyhdr Warning: \headheight is too small (12.0pt): 
(fancyhdr)                Make it at least 14.49998pt, for example:
(fancyhdr)                \setlength{\headheight}{14.49998pt}.
(fancyhdr)                You might also make \topmargin smaller:
(fancyhdr)                \addtolength{\topmargin}{-2.49998pt}.

[64]
Underfull \hbox (badness 1028) in paragraph at lines 1600--1601
[]\TU/TimesNewRoman(0)/m/n/12 Por esta razón, en PLAXIS se incorpora adicionalm
ente un amortiguamiento viscoso
 []


Underfull \hbox (badness 10000) in paragraph at lines 1709--1709
[]|\TU/TimesNewRoman(0)/m/n/12 Define la pendiente del
 []


Underfull \hbox (badness 10000) in paragraph at lines 1709--1709
\TU/TimesNewRoman(0)/m/n/12 última $[][]$ con la tensión
 []


Underfull \hbox (badness 10000) in paragraph at lines 1709--1709
[]|\TU/TimesNewRoman(0)/m/n/12 Define la rigidez de
 []


Underfull \hbox (badness 10000) in paragraph at lines 1709--1709
\TU/TimesNewRoman(0)/m/n/12 descarga/recarga a
 []


Underfull \hbox (badness 1418) in paragraph at lines 1709--1709
[]|\TU/TimesNewRoman(0)/m/n/12 define la relación $[][][][][]$ en
 []


Underfull \hbox (badness 10000) in paragraph at lines 1709--1709
[]|\TU/TimesNewRoman(0)/m/n/12 La tensión de referencia
 []


Underfull \hbox (badness 5133) in paragraph at lines 1709--1709
\TU/TimesNewRoman(0)/m/n/12 se utiliza para escalar los
 []


Underfull \hbox (badness 1831) in paragraph at lines 1709--1709
[][]$\TU/TimesNewRoman(0)/m/n/12 , a los valores actuales
 []


Underfull \hbox (badness 1769) in paragraph at lines 1709--1709
\TU/TimesNewRoman(0)/m/n/12 con respecto a una tensión
 []


Underfull \hbox (badness 4279) in paragraph at lines 1709--1709
[]|\TU/TimesNewRoman(0)/m/n/12 Se utiliza para calcular el
 []


Underfull \hbox (badness 1661) in paragraph at lines 1709--1709
\TU/TimesNewRoman(0)/m/n/12 parámetro de endurecimieto
 []


Underfull \hbox (badness 10000) in paragraph at lines 1709--1709
[][]$ \TU/TimesNewRoman(0)/m/n/12 mediante el método
 []


Underfull \hbox (badness 10000) in paragraph at lines 1709--1709
\TU/TimesNewRoman(0)/m/n/12 asintótico. La tensión
 []


Underfull \hbox (badness 10000) in paragraph at lines 1709--1709
\TU/TimesNewRoman(0)/m/n/12 desviadora $[][]$ define la
 []


Underfull \hbox (badness 10000) in paragraph at lines 1709--1709
\TU/TimesNewRoman(0)/m/n/12 función hiperbólica $[][]$
 []


Package fancyhdr Warning: \headheight is too small (12.0pt): 
(fancyhdr)                Make it at least 14.49998pt, for example:
(fancyhdr)                \setlength{\headheight}{14.49998pt}.
(fancyhdr)                You might also make \topmargin smaller:
(fancyhdr)                \addtolength{\topmargin}{-2.49998pt}.

[65]
Underfull \hbox (badness 1845) in paragraph at lines 1756--1757
[]\TU/TimesNewRoman(0)/m/n/12 Según [][]Chopra, [][]2007[][], las cargas dinámi
cas pueden representarse mediante funciones
 []


Package fancyhdr Warning: \headheight is too small (12.0pt): 
(fancyhdr)                Make it at least 14.49998pt, for example:
(fancyhdr)                \setlength{\headheight}{14.49998pt}.
(fancyhdr)                You might also make \topmargin smaller:
(fancyhdr)                \addtolength{\topmargin}{-2.49998pt}.

[66]

Package fancyhdr Warning: \headheight is too small (12.0pt): 
(fancyhdr)                Make it at least 14.49998pt, for example:
(fancyhdr)                \setlength{\headheight}{14.49998pt}.
(fancyhdr)                You might also make \topmargin smaller:
(fancyhdr)                \addtolength{\topmargin}{-2.49998pt}.

[67]

Package fancyhdr Warning: \headheight is too small (12.0pt): 
(fancyhdr)                Make it at least 14.49998pt, for example:
(fancyhdr)                \setlength{\headheight}{14.49998pt}.
(fancyhdr)                You might also make \topmargin smaller:
(fancyhdr)                \addtolength{\topmargin}{-2.49998pt}.

[68]

Package fancyhdr Warning: \headheight is too small (12.0pt): 
(fancyhdr)                Make it at least 14.49998pt, for example:
(fancyhdr)                \setlength{\headheight}{14.49998pt}.
(fancyhdr)                You might also make \topmargin smaller:
(fancyhdr)                \addtolength{\topmargin}{-2.49998pt}.

[69]
Underfull \hbox (badness 5147) in paragraph at lines 2013--2013
[]|\TU/TimesNewRoman(0)/m/n/12 Elastoplástico de 2do
 []


Underfull \hbox (badness 10000) in paragraph at lines 2013--2013
[]|\TU/TimesNewRoman(0)/m/n/12 Suelos cohesivos y granulares,
 []


Underfull \hbox (badness 10000) in paragraph at lines 2013--2013
[]|\TU/TimesNewRoman(0)/m/n/12 HS con rigidez
 []


Underfull \hbox (badness 10000) in paragraph at lines 2013--2013
\TU/TimesNewRoman(0)/m/n/12 a pequeñas
 []

File: Figuras/ima2.png Graphic file (type bmp)
<Figuras/ima2.png>

Package fancyhdr Warning: \headheight is too small (12.0pt): 
(fancyhdr)                Make it at least 14.49998pt, for example:
(fancyhdr)                \setlength{\headheight}{14.49998pt}.
(fancyhdr)                You might also make \topmargin smaller:
(fancyhdr)                \addtolength{\topmargin}{-2.49998pt}.

[70]
Underfull \hbox (badness 3612) in paragraph at lines 2057--2057
[]|\TU/TimesNewRoman(0)/m/n/12 Comparar el comportamiento definido
 []


Underfull \hbox (badness 3354) in paragraph at lines 2057--2057
\TU/TimesNewRoman(0)/m/n/12 por el modelo constitutivo con datos
 []


Underfull \hbox (badness 1242) in paragraph at lines 2057--2057
[]|\TU/TimesNewRoman(0)/m/n/12 Optimizar parámetros del modelo para
 []


Underfull \hbox (badness 10000) in paragraph at lines 2057--2057
[]|\TU/TimesNewRoman(0)/m/n/12 Verificar la calibración de modelos
 []


Underfull \hbox (badness 4013) in paragraph at lines 2057--2057
[]|\TU/TimesNewRoman(0)/m/n/12 Funciona con cualquier modelo tanto
 []

File: Figuras/SoilTest1.png Graphic file (type bmp)
<Figuras/SoilTest1.png>
File: Figuras/SoilTest22.png Graphic file (type bmp)
<Figuras/SoilTest22.png>
File: Figuras/SoilTest3.png Graphic file (type bmp)
<Figuras/SoilTest3.png>
File: Figuras/SoilTest4.png Graphic file (type bmp)
<Figuras/SoilTest4.png>

Package fancyhdr Warning: \headheight is too small (12.0pt): 
(fancyhdr)                Make it at least 14.49998pt, for example:
(fancyhdr)                \setlength{\headheight}{14.49998pt}.
(fancyhdr)                You might also make \topmargin smaller:
(fancyhdr)                \addtolength{\topmargin}{-2.49998pt}.

[71]

Package fancyhdr Warning: \headheight is too small (12.0pt): 
(fancyhdr)                Make it at least 14.49998pt, for example:
(fancyhdr)                \setlength{\headheight}{14.49998pt}.
(fancyhdr)                You might also make \topmargin smaller:
(fancyhdr)                \addtolength{\topmargin}{-2.49998pt}.

[72]

Package fancyhdr Warning: \headheight is too small (12.0pt): 
(fancyhdr)                Make it at least 14.49998pt, for example:
(fancyhdr)                \setlength{\headheight}{14.49998pt}.
(fancyhdr)                You might also make \topmargin smaller:
(fancyhdr)                \addtolength{\topmargin}{-2.49998pt}.

[73]
Underfull \hbox (badness 1348) in paragraph at lines 2198--2203
[]\TU/TimesNewRoman(0)/m/n/12 En los últimos años el uso del Deflectómetro de i
mpacto liviano (LWD) se ha ido
 []

File: Figuras/marco_lwd.jpg Graphic file (type bmp)
<Figuras/marco_lwd.jpg>

Package fancyhdr Warning: \headheight is too small (12.0pt): 
(fancyhdr)                Make it at least 14.49998pt, for example:
(fancyhdr)                \setlength{\headheight}{14.49998pt}.
(fancyhdr)                You might also make \topmargin smaller:
(fancyhdr)                \addtolength{\topmargin}{-2.49998pt}.

[74]
File: Figuras/marco_lwd2.png Graphic file (type bmp)
<Figuras/marco_lwd2.png>
)

Package fancyhdr Warning: \headheight is too small (12.0pt): 
(fancyhdr)                Make it at least 14.49998pt, for example:
(fancyhdr)                \setlength{\headheight}{14.49998pt}.
(fancyhdr)                You might also make \topmargin smaller:
(fancyhdr)                \addtolength{\topmargin}{-2.49998pt}.

[75]
\openout2 = `Capitulos/3_MetodoInvestigacion.aux'.

 (Capitulos/3_MetodoInvestigacion.tex
Chapter III.

Underfull \hbox (badness 1565) in paragraph at lines 14--15
\TU/TimesNewRoman(0)/m/n/12 estructurales, identificando asentamientos, desplaz
amientos y campos de deformación
 []


Underfull \hbox (badness 8038) in paragraph at lines 17--18
[]\TU/TimesNewRoman(0)/b/n/12 Descriptivo: \TU/TimesNewRoman(0)/m/n/12 Caracter
iza el comportamiento deformacional de los rellenos
 []


Underfull \hbox (badness 1571) in paragraph at lines 23--24
\TU/TimesNewRoman(0)/m/n/12 El diseño para esta investigación es de tipo no exp
erimental transversal, ya que el
 []


Underfull \hbox (badness 2478) in paragraph at lines 23--24
\TU/TimesNewRoman(0)/m/n/12 considerando condiciones representativas del año 20
25, donde estas estructuras son
 []

[76




]
File: Figuras/terraplen.jpg Graphic file (type bmp)
<Figuras/terraplen.jpg>
File: Figuras/muro2.jpg Graphic file (type bmp)
<Figuras/muro2.jpg>


Package fancyhdr Warning: \headheight is too small (12.0pt): 
(fancyhdr)                Make it at least 14.49998pt, for example:
(fancyhdr)                \setlength{\headheight}{14.49998pt}.
(fancyhdr)                You might also make \topmargin smaller:
(fancyhdr)                \addtolength{\topmargin}{-2.49998pt}.

[77]
File: Figuras/muestra.pdf Graphic file (type pdf)
<use Figuras/muestra.pdf>


Package fancyhdr Warning: \headheight is too small (12.0pt): 
(fancyhdr)                Make it at least 14.49998pt, for example:
(fancyhdr)                \setlength{\headheight}{14.49998pt}.
(fancyhdr)                You might also make \topmargin smaller:
(fancyhdr)                \addtolength{\topmargin}{-2.49998pt}.

[78]

Package fancyhdr Warning: \headheight is too small (12.0pt): 
(fancyhdr)                Make it at least 14.49998pt, for example:
(fancyhdr)                \setlength{\headheight}{14.49998pt}.
(fancyhdr)                You might also make \topmargin smaller:
(fancyhdr)                \addtolength{\topmargin}{-2.49998pt}.

[79]
Underfull \hbox (badness 10000) in paragraph at lines 192--192
[]|\TU/TimesNewRoman(0)/b/n/12 Variable de
 []


Underfull \hbox (badness 1735) in paragraph at lines 192--192
[]|\TU/TimesNewRoman(0)/b/n/12 Unidad de
 []


Underfull \hbox (badness 10000) in paragraph at lines 192--192
[]|\TU/TimesNewRoman(0)/b/n/12 Escala de
 []


Overfull \vbox (29.00008pt too high) detected at line 192
 []


Overfull \vbox (14.50008pt too high) detected at line 192
 []


Underfull \hbox (badness 10000) in paragraph at lines 192--192
[]|\TU/TimesNewRoman(0)/m/n/12 Magnitud de
 []


Underfull \hbox (badness 10000) in paragraph at lines 192--192
[]|\TU/TimesNewRoman(0)/m/n/12 Modelación en
 []


Underfull \hbox (badness 10000) in paragraph at lines 192--192
[]|\TU/TimesNewRoman(0)/m/n/12 Configuración
 []


Overfull \hbox (10.41872pt too wide) in paragraph at lines 192--192
[]|\TU/TimesNewRoman(0)/m/n/12 Adimensional| 
 []


Underfull \hbox (badness 10000) in paragraph at lines 192--192
[]|\TU/TimesNewRoman(0)/m/n/12 Estática /
 []


Underfull \hbox (badness 10000) in paragraph at lines 192--192
[]|\TU/TimesNewRoman(0)/m/n/12 Definición del
 []


Overfull \vbox (14.50008pt too high) detected at line 192
 []


Underfull \hbox (badness 10000) in paragraph at lines 192--192
[]|\TU/TimesNewRoman(0)/m/n/12 Deformación
 []


Underfull \hbox (badness 10000) in paragraph at lines 192--192
[]|\TU/TimesNewRoman(0)/m/n/12 Desplazamiento
 []


Underfull \hbox (badness 10000) in paragraph at lines 192--192
[]|\TU/TimesNewRoman(0)/m/n/12 Deformación
 []


Underfull \hbox (badness 10000) in paragraph at lines 192--192
[]|\TU/TimesNewRoman(0)/m/n/12 Asentamiento
 []


Underfull \hbox (badness 10000) in paragraph at lines 192--192
[]|\TU/TimesNewRoman(0)/m/n/12 Deformación
 []


Underfull \hbox (badness 10000) in paragraph at lines 192--192
[]|\TU/TimesNewRoman(0)/m/n/12 Deformación
 []


Overfull \hbox (10.41872pt too wide) in paragraph at lines 192--192
[]|\TU/TimesNewRoman(0)/m/n/12 Adimensional| 
 []


Underfull \hbox (badness 10000) in paragraph at lines 192--192
[]|\TU/TimesNewRoman(0)/m/n/12 Post-proceso
 []


Overfull \hbox (2.54596pt too wide) in paragraph at lines 192--195
 [][] 
 []


Package fancyhdr Warning: \headheight is too small (12.0pt): 
(fancyhdr)                Make it at least 14.49998pt, for example:
(fancyhdr)                \setlength{\headheight}{14.49998pt}.
(fancyhdr)                You might also make \topmargin smaller:
(fancyhdr)                \addtolength{\topmargin}{-2.49998pt}.

[80

]

Package fancyhdr Warning: \headheight is too small (12.0pt): 
(fancyhdr)                Make it at least 14.49998pt, for example:
(fancyhdr)                \setlength{\headheight}{14.49998pt}.
(fancyhdr)                You might also make \topmargin smaller:
(fancyhdr)                \addtolength{\topmargin}{-2.49998pt}.

[81

]
Underfull \hbox (badness 2057) in paragraph at lines 231--232
\TU/TimesNewRoman(0)/m/n/12 fueron procesados mediante herramientas desarrollad
as en Python, permitiendo
 []


Underfull \hbox (badness 2717) in paragraph at lines 233--234
\TU/TimesNewRoman(0)/m/n/12 fue validado mediante la comparación de los asentam
ientos obtenidos en las
 []


Underfull \hbox (badness 4001) in paragraph at lines 233--234
\TU/TimesNewRoman(0)/m/n/12 Impacto Ligero (LWD), complementándose con la evalu
ación de indicadores
 []


Package fancyhdr Warning: \headheight is too small (12.0pt): 
(fancyhdr)                Make it at least 14.49998pt, for example:
(fancyhdr)                \setlength{\headheight}{14.49998pt}.
(fancyhdr)                You might also make \topmargin smaller:
(fancyhdr)                \addtolength{\topmargin}{-2.49998pt}.

[82]
File: Figuras/ubicacion.png Graphic file (type bmp)
<Figuras/ubicacion.png>


Package fancyhdr Warning: \headheight is too small (12.0pt): 
(fancyhdr)                Make it at least 14.49998pt, for example:
(fancyhdr)                \setlength{\headheight}{14.49998pt}.
(fancyhdr)                You might also make \topmargin smaller:
(fancyhdr)                \addtolength{\topmargin}{-2.49998pt}.

[83]
File: Figuras/murook.pdf Graphic file (type pdf)
<use Figuras/murook.pdf>
File: Figuras/terraplenok.pdf Graphic file (type pdf)
<use Figuras/terraplenok.pdf>


Package fancyhdr Warning: \headheight is too small (12.0pt): 
(fancyhdr)                Make it at least 14.49998pt, for example:
(fancyhdr)                \setlength{\headheight}{14.49998pt}.
(fancyhdr)                You might also make \topmargin smaller:
(fancyhdr)                \addtolength{\topmargin}{-2.49998pt}.

[84]
Underfull \hbox (badness 5417) in paragraph at lines 313--314
[]\TU/TimesNewRoman(0)/m/n/12 Posteriormente, los parámetros geotécnicos determ
inados experimentalmente fueron
 []

File: Figuras/AnexoA1.jpeg Graphic file (type bmp)
<Figuras/AnexoA1.jpeg>
File: Figuras/AnexoA2.jpeg Graphic file (type bmp)
<Figuras/AnexoA2.jpeg>
File: Figuras/AnexoA3.jpeg Graphic file (type bmp)
<Figuras/AnexoA3.jpeg>
File: Figuras/AnexoA8.jpeg Graphic file (type bmp)
<Figuras/AnexoA8.jpeg>

Package fancyhdr Warning: \headheight is too small (12.0pt): 
(fancyhdr)                Make it at least 14.49998pt, for example:
(fancyhdr)                \setlength{\headheight}{14.49998pt}.
(fancyhdr)                You might also make \topmargin smaller:
(fancyhdr)                \addtolength{\topmargin}{-2.49998pt}.

[85]

Package fancyhdr Warning: \headheight is too small (12.0pt): 
(fancyhdr)                Make it at least 14.49998pt, for example:
(fancyhdr)                \setlength{\headheight}{14.49998pt}.
(fancyhdr)                You might also make \topmargin smaller:
(fancyhdr)                \addtolength{\topmargin}{-2.49998pt}.

[86]
File: Figuras/CU_101.png Graphic file (type bmp)
<Figuras/CU_101.png>
File: Figuras/CU_200.png Graphic file (type bmp)
<Figuras/CU_200.png>
File: Figuras/CU_300.png Graphic file (type bmp)
<Figuras/CU_300.png>


Package fancyhdr Warning: \headheight is too small (12.0pt): 
(fancyhdr)                Make it at least 14.49998pt, for example:
(fancyhdr)                \setlength{\headheight}{14.49998pt}.
(fancyhdr)                You might also make \topmargin smaller:
(fancyhdr)                \addtolength{\topmargin}{-2.49998pt}.

[87]
Underfull \hbox (badness 2809) in paragraph at lines 472--473
[]\TU/TimesNewRoman(0)/m/n/12 En la curva se busca la deformación correspondien
te a $[][][][][][][]$, mediante la
 []


Package fancyhdr Warning: \headheight is too small (12.0pt): 
(fancyhdr)                Make it at least 14.49998pt, for example:
(fancyhdr)                \setlength{\headheight}{14.49998pt}.
(fancyhdr)                You might also make \topmargin smaller:
(fancyhdr)                \addtolength{\topmargin}{-2.49998pt}.

[88]
Underfull \hbox (badness 2809) in paragraph at lines 544--545
[]\TU/TimesNewRoman(0)/m/n/12 En la curva se busca la deformación correspondien
te a $[][][][][][][]$, mediante la
 []


Package fancyhdr Warning: \headheight is too small (12.0pt): 
(fancyhdr)                Make it at least 14.49998pt, for example:
(fancyhdr)                \setlength{\headheight}{14.49998pt}.
(fancyhdr)                You might also make \topmargin smaller:
(fancyhdr)                \addtolength{\topmargin}{-2.49998pt}.

[89]

Package fancyhdr Warning: \headheight is too small (12.0pt): 
(fancyhdr)                Make it at least 14.49998pt, for example:
(fancyhdr)                \setlength{\headheight}{14.49998pt}.
(fancyhdr)                You might also make \topmargin smaller:
(fancyhdr)                \addtolength{\topmargin}{-2.49998pt}.

[90]

Package fancyhdr Warning: \headheight is too small (12.0pt): 
(fancyhdr)                Make it at least 14.49998pt, for example:
(fancyhdr)                \setlength{\headheight}{14.49998pt}.
(fancyhdr)                You might also make \topmargin smaller:
(fancyhdr)                \addtolength{\topmargin}{-2.49998pt}.

[91]
Underfull \hbox (badness 10000) in paragraph at lines 738--738
[]|\TU/TimesNewRoman(0)/m/n/12 Modelo del material
 []


Underfull \hbox (badness 1360) in paragraph at lines 738--738
[]|\TU/TimesNewRoman(0)/m/n/12 Modulo de elasticidad
 []


Underfull \hbox (badness 10000) in paragraph at lines 738--738
[]|\TU/TimesNewRoman(0)/m/n/12 Relación se
 []


Package fancyhdr Warning: \headheight is too small (12.0pt): 
(fancyhdr)                Make it at least 14.49998pt, for example:
(fancyhdr)                \setlength{\headheight}{14.49998pt}.
(fancyhdr)                You might also make \topmargin smaller:
(fancyhdr)                \addtolength{\topmargin}{-2.49998pt}.

[92]
File: Figuras/soiltest2.png Graphic file (type bmp)
<Figuras/soiltest2.png>
File: Figuras/report_1.png Graphic file (type bmp)
<Figuras/report_1.png>


Package fancyhdr Warning: \headheight is too small (12.0pt): 
(fancyhdr)                Make it at least 14.49998pt, for example:
(fancyhdr)                \setlength{\headheight}{14.49998pt}.
(fancyhdr)                You might also make \topmargin smaller:
(fancyhdr)                \addtolength{\topmargin}{-2.49998pt}.

[93]
File: Figuras/soiltest2.png Graphic file (type bmp)
<Figuras/soiltest2.png>
File: Figuras/report_2.png Graphic file (type bmp)
<Figuras/report_2.png>


Package fancyhdr Warning: \headheight is too small (12.0pt): 
(fancyhdr)                Make it at least 14.49998pt, for example:
(fancyhdr)                \setlength{\headheight}{14.49998pt}.
(fancyhdr)                You might also make \topmargin smaller:
(fancyhdr)                \addtolength{\topmargin}{-2.49998pt}.

[94]
Underfull \hbox (badness 10000) in paragraph at lines 864--864
[]|\TU/TimesNewRoman(0)/m/n/12 Modelo del material
 []


Underfull \hbox (badness 10000) in paragraph at lines 864--864
[]|\TU/TimesNewRoman(0)/m/n/12 Tipo de
 []


Underfull \hbox (badness 10000) in paragraph at lines 864--864
\TU/TimesNewRoman(0)/m/n/12 comportamiento del
 []


Underfull \hbox (badness 1360) in paragraph at lines 864--864
[]|\TU/TimesNewRoman(0)/m/n/12 Modulo de elasticidad
 []


Underfull \hbox (badness 2042) in paragraph at lines 873--874
\TU/TimesNewRoman(0)/m/n/12 la naturaleza granular del terreno predominantes en
 la zona de estudio (Ayacucho),
 []


Package fancyhdr Warning: \headheight is too small (12.0pt): 
(fancyhdr)                Make it at least 14.49998pt, for example:
(fancyhdr)                \setlength{\headheight}{14.49998pt}.
(fancyhdr)                You might also make \topmargin smaller:
(fancyhdr)                \addtolength{\topmargin}{-2.49998pt}.

[95]
Underfull \hbox (badness 10000) in paragraph at lines 896--896
[]|\TU/TimesNewRoman(0)/m/n/12 Peso unitario
 []


Underfull \hbox (badness 10000) in paragraph at lines 896--896
[]|\TU/TimesNewRoman(0)/m/n/12 Modulo de
 []


Underfull \hbox (badness 10000) in paragraph at lines 921--921
[]|\TU/TimesNewRoman(0)/m/n/12 Tipo de
 []


Underfull \hbox (badness 10000) in paragraph at lines 921--921
\TU/TimesNewRoman(0)/m/n/12 comportamiento
 []


Underfull \hbox (badness 10000) in paragraph at lines 921--921
[]|\TU/TimesNewRoman(0)/m/n/12 Modulo de
 []


Underfull \hbox (badness 10000) in paragraph at lines 961--961
[]|\TU/TimesNewRoman(0)/b/n/12 Configuración
 []


Underfull \hbox (badness 10000) in paragraph at lines 961--961
[]|\TU/TimesNewRoman(0)/b/n/12 Longitud
 []


Underfull \hbox (badness 10000) in paragraph at lines 961--961
[]|\TU/TimesNewRoman(0)/b/n/12 Eje
 []


Underfull \hbox (badness 10000) in paragraph at lines 961--961
\TU/TimesNewRoman(0)/b/n/12 delantero
 []


Underfull \hbox (badness 10000) in paragraph at lines 961--961
[]|\TU/TimesNewRoman(0)/b/n/12 Eje
 []


Underfull \hbox (badness 10000) in paragraph at lines 961--961
\TU/TimesNewRoman(0)/b/n/12 posterior
 []


Underfull \hbox (badness 10000) in paragraph at lines 961--961
[]|\TU/TimesNewRoman(0)/b/n/12 Peso bruto
 []

File: Figuras/C2.pdf Graphic file (type pdf)
<use Figuras/C2.pdf>
File: Figuras/C3.pdf Graphic file (type pdf)
<use Figuras/C3.pdf>
File: Figuras/C4.pdf Graphic file (type pdf)
<use Figuras/C4.pdf>

Package fancyhdr Warning: \headheight is too small (12.0pt): 
(fancyhdr)                Make it at least 14.49998pt, for example:
(fancyhdr)                \setlength{\headheight}{14.49998pt}.
(fancyhdr)                You might also make \topmargin smaller:
(fancyhdr)                \addtolength{\topmargin}{-2.49998pt}.

[96]
Underfull \hbox (badness 1442) in paragraph at lines 994--995
\TU/TimesNewRoman(0)/m/n/12 para evitar que los límites laterales y la base res
trinjan el desarrollo natural de las
 []


Package fancyhdr Warning: \headheight is too small (12.0pt): 
(fancyhdr)                Make it at least 14.49998pt, for example:
(fancyhdr)                \setlength{\headheight}{14.49998pt}.
(fancyhdr)                You might also make \topmargin smaller:
(fancyhdr)                \addtolength{\topmargin}{-2.49998pt}.

[97]
File: Figuras/dimensiones_muro.pdf Graphic file (type pdf)
<use Figuras/dimensiones_muro.pdf>
File: Figuras/dimensiones_terraplen.pdf Graphic file (type pdf)
<use Figuras/dimensiones_terraplen.pdf>


Package fancyhdr Warning: \headheight is too small (12.0pt): 
(fancyhdr)                Make it at least 14.49998pt, for example:
(fancyhdr)                \setlength{\headheight}{14.49998pt}.
(fancyhdr)                You might also make \topmargin smaller:
(fancyhdr)                \addtolength{\topmargin}{-2.49998pt}.

[98]
Underfull \hbox (badness 2253) in paragraph at lines 1036--1037
\TU/TimesNewRoman(0)/m/n/12 mediante elementos finitos, asegurando que las cond
iciones de contorno no alteren
 []

File: Figuras/soil.png Graphic file (type bmp)
<Figuras/soil.png>
File: Figuras/soil2.png Graphic file (type bmp)
<Figuras/soil2.png>

Package fancyhdr Warning: \headheight is too small (12.0pt): 
(fancyhdr)                Make it at least 14.49998pt, for example:
(fancyhdr)                \setlength{\headheight}{14.49998pt}.
(fancyhdr)                You might also make \topmargin smaller:
(fancyhdr)                \addtolength{\topmargin}{-2.49998pt}.

[99]
File: Figuras/material.png Graphic file (type bmp)
<Figuras/material.png>
File: Figuras/material2.png Graphic file (type bmp)
<Figuras/material2.png>

Overfull \hbox (14.34938pt too wide) in paragraph at lines 1080--1081
 [][] 
 []


Underfull \hbox (badness 10000) in paragraph at lines 1118--1118
[]|\TU/TimesNewRoman(0)/m/n/12 Modelo del material
 []


Underfull \hbox (badness 10000) in paragraph at lines 1118--1118
[]|\TU/TimesNewRoman(0)/m/n/12 Tipo de
 []


Underfull \hbox (badness 10000) in paragraph at lines 1118--1118
\TU/TimesNewRoman(0)/m/n/12 comportamiento del
 []


Underfull \hbox (badness 1360) in paragraph at lines 1118--1118
[]|\TU/TimesNewRoman(0)/m/n/12 Modulo de elasticidad
 []


Package fancyhdr Warning: \headheight is too small (12.0pt): 
(fancyhdr)                Make it at least 14.49998pt, for example:
(fancyhdr)                \setlength{\headheight}{14.49998pt}.
(fancyhdr)                You might also make \topmargin smaller:
(fancyhdr)                \addtolength{\topmargin}{-2.49998pt}.

[100]
File: Figuras/terraplen_capa1.png Graphic file (type bmp)
<Figuras/terraplen_capa1.png>
File: Figuras/terraplen_capa2.png Graphic file (type bmp)
<Figuras/terraplen_capa2.png>
File: Figuras/terraplen_capa3.png Graphic file (type bmp)
<Figuras/terraplen_capa3.png>
File: Figuras/terraplen_capa4.png Graphic file (type bmp)
<Figuras/terraplen_capa4.png>


Package fancyhdr Warning: \headheight is too small (12.0pt): 
(fancyhdr)                Make it at least 14.49998pt, for example:
(fancyhdr)                \setlength{\headheight}{14.49998pt}.
(fancyhdr)                You might also make \topmargin smaller:
(fancyhdr)                \addtolength{\topmargin}{-2.49998pt}.

[101]
File: Figuras/compa.png Graphic file (type bmp)
<Figuras/compa.png>
File: Figuras/compa2.png Graphic file (type bmp)
<Figuras/compa2.png>
File: Figuras/compa3.png Graphic file (type bmp)
<Figuras/compa3.png>
File: Figuras/compa4.png Graphic file (type bmp)
<Figuras/compa4.png>
File: Figuras/compa5.png Graphic file (type bmp)
<Figuras/compa5.png>
File: Figuras/compa6.png Graphic file (type bmp)
<Figuras/compa6.png>
File: Figuras/compa7.png Graphic file (type bmp)
<Figuras/compa7.png>
File: Figuras/compa8.png Graphic file (type bmp)
<Figuras/compa8.png>
File: Figuras/compa9.png Graphic file (type bmp)
<Figuras/compa9.png>


Package fancyhdr Warning: \headheight is too small (12.0pt): 
(fancyhdr)                Make it at least 14.49998pt, for example:
(fancyhdr)                \setlength{\headheight}{14.49998pt}.
(fancyhdr)                You might also make \topmargin smaller:
(fancyhdr)                \addtolength{\topmargin}{-2.49998pt}.

[102]
File: Figuras/camion_diseño.pdf Graphic file (type pdf)
<use Figuras/camion_diseño.pdf>

Overfull \hbox (117.82297pt too wide) in paragraph at lines 1264--1265
 [][] 
 []

File: Figuras/camion_diseño3D.pdf Graphic file (type pdf)
<use Figuras/camion_diseño3D.pdf>

Overfull \hbox (6.71008pt too wide) in paragraph at lines 1271--1272
 [][] 
 []

File: Figuras/terraplen2d.png Graphic file (type bmp)
<Figuras/terraplen2d.png>

Overfull \hbox (8.49184pt too wide) in paragraph at lines 1294--1295
 [][] 
 []

File: Figuras/terraplen3d.png Graphic file (type bmp)
<Figuras/terraplen3d.png>

Overfull \hbox (20.26515pt too wide) in paragraph at lines 1301--1302
 [][] 
 []

File: Figuras/muro2d.png Graphic file (type bmp)
<Figuras/muro2d.png>
File: Figuras/muro3d.png Graphic file (type bmp)
<Figuras/muro3d.png>

Overfull \hbox (32.49434pt too wide) in paragraph at lines 1323--1324
 [][] 
 []


Package fancyhdr Warning: \headheight is too small (12.0pt): 
(fancyhdr)                Make it at least 14.49998pt, for example:
(fancyhdr)                \setlength{\headheight}{14.49998pt}.
(fancyhdr)                You might also make \topmargin smaller:
(fancyhdr)                \addtolength{\topmargin}{-2.49998pt}.

[103]
File: Figuras/espectro.png Graphic file (type bmp)
<Figuras/espectro.png>


Package fancyhdr Warning: \headheight is too small (12.0pt): 
(fancyhdr)                Make it at least 14.49998pt, for example:
(fancyhdr)                \setlength{\headheight}{14.49998pt}.
(fancyhdr)                You might also make \topmargin smaller:
(fancyhdr)                \addtolength{\topmargin}{-2.49998pt}.

[104]

Package fancyhdr Warning: \headheight is too small (12.0pt): 
(fancyhdr)                Make it at least 14.49998pt, for example:
(fancyhdr)                \setlength{\headheight}{14.49998pt}.
(fancyhdr)                You might also make \topmargin smaller:
(fancyhdr)                \addtolength{\topmargin}{-2.49998pt}.

[105]
File: Figuras/amortiguamiento.png Graphic file (type bmp)
<Figuras/amortiguamiento.png>


Package fancyhdr Warning: \headheight is too small (12.0pt): 
(fancyhdr)                Make it at least 14.49998pt, for example:
(fancyhdr)                \setlength{\headheight}{14.49998pt}.
(fancyhdr)                You might also make \topmargin smaller:
(fancyhdr)                \addtolength{\topmargin}{-2.49998pt}.

[106]
Underfull \hbox (badness 2503) in paragraph at lines 1468--1469
[]\TU/TimesNewRoman(0)/b/n/12 Refinamiento de la malla\TU/TimesNewRoman(0)/m/n/
12 : Debido a que los mayores gradientes de esfuerzos y
 []

(C:\Program Files\MiKTeX\tex/latex/listings\lstlang1.sty
File: lstlang1.sty 2025/11/14 1.11b listings language file
)
Package hyperref Info: bookmark level for unknown lstlisting defaults to 0 on i
nput line 1485.
Package microtype Info: Loading generic protrusion settings for font family
(microtype)             `lmtt' (encoding: TU).
(microtype)             For optimal results, create family-specific settings.
(microtype)             See the microtype manual for details.


Package fancyhdr Warning: \headheight is too small (12.0pt): 
(fancyhdr)                Make it at least 14.49998pt, for example:
(fancyhdr)                \setlength{\headheight}{14.49998pt}.
(fancyhdr)                You might also make \topmargin smaller:
(fancyhdr)                \addtolength{\topmargin}{-2.49998pt}.

[107]
Package microtype Info: Loading generic protrusion settings for font family
(microtype)             `lmss' (encoding: TU).
(microtype)             For optimal results, create family-specific settings.
(microtype)             See the microtype manual for details.
File: Figuras/mesh.png Graphic file (type bmp)
<Figuras/mesh.png>


Package fancyhdr Warning: \headheight is too small (12.0pt): 
(fancyhdr)                Make it at least 14.49998pt, for example:
(fancyhdr)                \setlength{\headheight}{14.49998pt}.
(fancyhdr)                You might also make \topmargin smaller:
(fancyhdr)                \addtolength{\topmargin}{-2.49998pt}.

[108]
File: Figuras/terraplen_mesh.png Graphic file (type bmp)
<Figuras/terraplen_mesh.png>

Underfull \hbox (badness 2134) in paragraph at lines 1561--1562
\TU/TimesNewRoman(0)/m/n/12 resultados estables, garantizando un equilibrio ent
re presición numérica y eficiencia
 []


Package fancyhdr Warning: \headheight is too small (12.0pt): 
(fancyhdr)                Make it at least 14.49998pt, for example:
(fancyhdr)                \setlength{\headheight}{14.49998pt}.
(fancyhdr)                You might also make \topmargin smaller:
(fancyhdr)                \addtolength{\topmargin}{-2.49998pt}.

[109]
File: Figuras/cargas_terraplen1.pdf Graphic file (type pdf)
<use Figuras/cargas_terraplen1.pdf>

Overfull \hbox (41.0258pt too wide) in paragraph at lines 1678--1679
 [][] 
 []

File: Figuras/cargas_muro1.pdf Graphic file (type pdf)
<use Figuras/cargas_muro1.pdf>

Overfull \hbox (34.4917pt too wide) in paragraph at lines 1685--1686
 [][] 
 []

File: Figuras/terraplen_condiciones.png Graphic file (type bmp)
<Figuras/terraplen_condiciones.png>
File: Figuras/muro_condiciones.png Graphic file (type bmp)
<Figuras/muro_condiciones.png>

Package fancyhdr Warning: \headheight is too small (12.0pt): 
(fancyhdr)                Make it at least 14.49998pt, for example:
(fancyhdr)                \setlength{\headheight}{14.49998pt}.
(fancyhdr)                You might also make \topmargin smaller:
(fancyhdr)                \addtolength{\topmargin}{-2.49998pt}.

[110]

Package fancyhdr Warning: \headheight is too small (12.0pt): 
(fancyhdr)                Make it at least 14.49998pt, for example:
(fancyhdr)                \setlength{\headheight}{14.49998pt}.
(fancyhdr)                You might also make \topmargin smaller:
(fancyhdr)                \addtolength{\topmargin}{-2.49998pt}.

[111]
File: Figuras/cargas_terraplen2.pdf Graphic file (type pdf)
<use Figuras/cargas_terraplen2.pdf>

Overfull \hbox (22.70453pt too wide) in paragraph at lines 1757--1758
 [][] 
 []

File: Figuras/cargas_muro2.pdf Graphic file (type pdf)
<use Figuras/cargas_muro2.pdf>

Overfull \hbox (14.20633pt too wide) in paragraph at lines 1765--1766
 [][] 
 []

File: Figuras/terraplen_condiciones_dinamicas.png Graphic file (type bmp)
<Figuras/terraplen_condiciones_dinamicas.png>
File: Figuras/muro_condiciones_dinamicas2.png Graphic file (type bmp)
<Figuras/muro_condiciones_dinamicas2.png>

Package fancyhdr Warning: \headheight is too small (12.0pt): 
(fancyhdr)                Make it at least 14.49998pt, for example:
(fancyhdr)                \setlength{\headheight}{14.49998pt}.
(fancyhdr)                You might also make \topmargin smaller:
(fancyhdr)                \addtolength{\topmargin}{-2.49998pt}.

[112]

Package fancyhdr Warning: \headheight is too small (12.0pt): 
(fancyhdr)                Make it at least 14.49998pt, for example:
(fancyhdr)                \setlength{\headheight}{14.49998pt}.
(fancyhdr)                You might also make \topmargin smaller:
(fancyhdr)                \addtolength{\topmargin}{-2.49998pt}.

[113]
File: Figuras/estatico.png Graphic file (type bmp)
<Figuras/estatico.png>


Package fancyhdr Warning: \headheight is too small (12.0pt): 
(fancyhdr)                Make it at least 14.49998pt, for example:
(fancyhdr)                \setlength{\headheight}{14.49998pt}.
(fancyhdr)                You might also make \topmargin smaller:
(fancyhdr)                \addtolength{\topmargin}{-2.49998pt}.

[114]
Underfull \hbox (badness 2809) in paragraph at lines 1832--1833
\TU/TimesNewRoman(0)/m/n/12 estado de esfuerzos y deformaciones alcanzado al té
rmino de la última fase
 []

File: Figuras/dinamico.png Graphic file (type bmp)
<Figuras/dinamico.png>

Package fancyhdr Warning: \headheight is too small (12.0pt): 
(fancyhdr)                Make it at least 14.49998pt, for example:
(fancyhdr)                \setlength{\headheight}{14.49998pt}.
(fancyhdr)                You might also make \topmargin smaller:
(fancyhdr)                \addtolength{\topmargin}{-2.49998pt}.

[115]
File: Figuras/terraplen_stateg.png Graphic file (type bmp)
<Figuras/terraplen_stateg.png>
File: Figuras/stateg.png Graphic file (type bmp)
<Figuras/stateg.png>


Package fancyhdr Warning: \headheight is too small (12.0pt): 
(fancyhdr)                Make it at least 14.49998pt, for example:
(fancyhdr)                \setlength{\headheight}{14.49998pt}.
(fancyhdr)                You might also make \topmargin smaller:
(fancyhdr)                \addtolength{\topmargin}{-2.49998pt}.

[116]
Underfull \hbox (badness 2005) in paragraph at lines 1895--1895
|[]\TU/TimesNewRoman(0)/b/n/14.4 Validación del modelo mediante el ensayo Defle
ctómetro de
 []


Underfull \hbox (badness 1028) in paragraph at lines 1897--1898
\TU/TimesNewRoman(0)/m/n/12 La validación del modelo numérico se realizó median
te la simulación del ensayo de
 []

File: Figuras/lwd_01.jpg Graphic file (type bmp)
<Figuras/lwd_01.jpg>
File: Figuras/lwd_02.jpg Graphic file (type bmp)
<Figuras/lwd_02.jpg>
File: Figuras/lwd_03.jpg Graphic file (type bmp)
<Figuras/lwd_03.jpg>
File: Figuras/lwd_04.jpg Graphic file (type bmp)
<Figuras/lwd_04.jpg>

Package fancyhdr Warning: \headheight is too small (12.0pt): 
(fancyhdr)                Make it at least 14.49998pt, for example:
(fancyhdr)                \setlength{\headheight}{14.49998pt}.
(fancyhdr)                You might also make \topmargin smaller:
(fancyhdr)                \addtolength{\topmargin}{-2.49998pt}.

[117]
Underfull \hbox (badness 1014) in paragraph at lines 1914--1915
\TU/TimesNewRoman(0)/m/n/12 tales como el error cuadrático medio (RMSE), el err
or absoluto medio (MAE) y $[][]$
 []


Underfull \hbox (badness 10000) in paragraph at lines 1966--1966
[]|\TU/TimesNewRoman(0)/b/n/12 fuerza
 []


Underfull \hbox (badness 10000) in paragraph at lines 1966--1966
\TU/TimesNewRoman(0)/b/n/12 promedio
 []


Underfull \hbox (badness 10000) in paragraph at lines 1966--1966
[]|\TU/TimesNewRoman(0)/b/n/12 Presion
 []


Underfull \hbox (badness 10000) in paragraph at lines 1966--1966
[]|\TU/TimesNewRoman(0)/b/n/12 Deflexión individual
 []


Underfull \hbox (badness 10000) in paragraph at lines 1966--1966
[]|\TU/TimesNewRoman(0)/b/n/12 Deflexión
 []


Underfull \hbox (badness 10000) in paragraph at lines 1966--1966
\TU/TimesNewRoman(0)/b/n/12 promedio
 []


Underfull \hbox (badness 10000) in paragraph at lines 1966--1966
[]|\TU/TimesNewRoman(0)/b/n/12 Modulo de
 []


Underfull \hbox (badness 10000) in paragraph at lines 1966--1966
\TU/TimesNewRoman(0)/b/n/12 rigidez de
 []


Underfull \hbox (badness 6961) in paragraph at lines 1966--1966
\TU/TimesNewRoman(0)/b/n/12 superficie de
 []


Package fancyhdr Warning: \headheight is too small (12.0pt): 
(fancyhdr)                Make it at least 14.49998pt, for example:
(fancyhdr)                \setlength{\headheight}{14.49998pt}.
(fancyhdr)                You might also make \topmargin smaller:
(fancyhdr)                \addtolength{\topmargin}{-2.49998pt}.

[118]
Underfull \hbox (badness 10000) in paragraph at lines 1993--1993
[]|\TU/TimesNewRoman(0)/m/n/12 Modulo de
 []


Package fancyhdr Warning: \headheight is too small (12.0pt): 
(fancyhdr)                Make it at least 14.49998pt, for example:
(fancyhdr)                \setlength{\headheight}{14.49998pt}.
(fancyhdr)                You might also make \topmargin smaller:
(fancyhdr)                \addtolength{\topmargin}{-2.49998pt}.

[119]
File: Figuras/modelo_lwd.png Graphic file (type bmp)
<Figuras/modelo_lwd.png>
File: Figuras/modelo_lwd2.png Graphic file (type bmp)
<Figuras/modelo_lwd2.png>


Package fancyhdr Warning: \headheight is too small (12.0pt): 
(fancyhdr)                Make it at least 14.49998pt, for example:
(fancyhdr)                \setlength{\headheight}{14.49998pt}.
(fancyhdr)                You might also make \topmargin smaller:
(fancyhdr)                \addtolength{\topmargin}{-2.49998pt}.

[120]
File: Figuras/pulso.png Graphic file (type bmp)
<Figuras/pulso.png>
File: Figuras/pulso_plaxis.png Graphic file (type bmp)
<Figuras/pulso_plaxis.png>


Package fancyhdr Warning: \headheight is too small (12.0pt): 
(fancyhdr)                Make it at least 14.49998pt, for example:
(fancyhdr)                \setlength{\headheight}{14.49998pt}.
(fancyhdr)                You might also make \topmargin smaller:
(fancyhdr)                \addtolength{\topmargin}{-2.49998pt}.

[121]
File: Figuras/pulso_plaxis2.png Graphic file (type bmp)
<Figuras/pulso_plaxis2.png>
File: Figuras/pulso_plaxis3.png Graphic file (type bmp)
<Figuras/pulso_plaxis3.png>


Package fancyhdr Warning: \headheight is too small (12.0pt): 
(fancyhdr)                Make it at least 14.49998pt, for example:
(fancyhdr)                \setlength{\headheight}{14.49998pt}.
(fancyhdr)                You might also make \topmargin smaller:
(fancyhdr)                \addtolength{\topmargin}{-2.49998pt}.

[122]
File: Figuras/pulso_plaxis4.png Graphic file (type bmp)
<Figuras/pulso_plaxis4.png>

Overfull \hbox (2.00166pt too wide) in paragraph at lines 2107--2107
 [][] 
 []


Package fancyhdr Warning: \headheight is too small (12.0pt): 
(fancyhdr)                Make it at least 14.49998pt, for example:
(fancyhdr)                \setlength{\headheight}{14.49998pt}.
(fancyhdr)                You might also make \topmargin smaller:
(fancyhdr)                \addtolength{\topmargin}{-2.49998pt}.

[123]
Underfull \hbox (badness 3965) in paragraph at lines 2168--2168
[]|\TU/TimesNewRoman(0)/b/n/12 Error (PLAXIS -
 []


Package fancyhdr Warning: \headheight is too small (12.0pt): 
(fancyhdr)                Make it at least 14.49998pt, for example:
(fancyhdr)                \setlength{\headheight}{14.49998pt}.
(fancyhdr)                You might also make \topmargin smaller:
(fancyhdr)                \addtolength{\topmargin}{-2.49998pt}.

[124]
Underfull \hbox (badness 2126) in paragraph at lines 2221--2221
[]|\TU/TimesNewRoman(0)/m/n/12 No existen errores grandes,
 []


Underfull \hbox (badness 6625) in paragraph at lines 2221--2221
\TU/TimesNewRoman(0)/m/n/12 la dispersión del error es
 []


Underfull \hbox (badness 2205) in paragraph at lines 2221--2221
[]|\TU/TimesNewRoman(0)/m/n/12 El error promedio absoluto
 []

File: Figuras/regresion3.png Graphic file (type bmp)
<Figuras/regresion3.png>

Package fancyhdr Warning: \headheight is too small (12.0pt): 
(fancyhdr)                Make it at least 14.49998pt, for example:
(fancyhdr)                \setlength{\headheight}{14.49998pt}.
(fancyhdr)                You might also make \topmargin smaller:
(fancyhdr)                \addtolength{\topmargin}{-2.49998pt}.

[125]
Underfull \hbox (badness 5460) in paragraph at lines 2323--2323
|[]\TU/TimesNewRoman(0)/b/n/14.4 Modelamiento Númerico en PLAXIS 3D para un aná
lisis
 []


Underfull \hbox (badness 1789) in paragraph at lines 2353--2354
\TU/TimesNewRoman(0)/m/n/12 Se desarrollará un algoritmo en Python utilizando l
a API de scripting del software
 []


Package fancyhdr Warning: \headheight is too small (12.0pt): 
(fancyhdr)                Make it at least 14.49998pt, for example:
(fancyhdr)                \setlength{\headheight}{14.49998pt}.
(fancyhdr)                You might also make \topmargin smaller:
(fancyhdr)                \addtolength{\topmargin}{-2.49998pt}.

[126]
File: Figuras/sensibilidad_rigidez.png Graphic file (type bmp)
<Figuras/sensibilidad_rigidez.png>
File: Figuras/sensibilidad_friccion.png Graphic file (type bmp)
<Figuras/sensibilidad_friccion.png>


Package fancyhdr Warning: \headheight is too small (12.0pt): 
(fancyhdr)                Make it at least 14.49998pt, for example:
(fancyhdr)                \setlength{\headheight}{14.49998pt}.
(fancyhdr)                You might also make \topmargin smaller:
(fancyhdr)                \addtolength{\topmargin}{-2.49998pt}.

[127]
File: Figuras/sensibilidad_dilatancia.png Graphic file (type bmp)
<Figuras/sensibilidad_dilatancia.png>
)

Package fancyhdr Warning: \headheight is too small (12.0pt): 
(fancyhdr)                Make it at least 14.49998pt, for example:
(fancyhdr)                \setlength{\headheight}{14.49998pt}.
(fancyhdr)                You might also make \topmargin smaller:
(fancyhdr)                \addtolength{\topmargin}{-2.49998pt}.

[128]
\openout2 = `Capitulos/4_Resultados.aux'.

 (Capitulos/4_Resultados.tex
Chapter IV.
LaTeX Font Info:    Font shape `TU/TimesNewRoman(0)/m/sl' in size <9.5> not ava
ilable
(Font)              Font shape `TU/TimesNewRoman(0)/m/it' tried instead on inpu
t line 5.
File: Figuras/hipo.png Graphic file (type bmp)
<Figuras/hipo.png>
File: Figuras/hipo2.png Graphic file (type bmp)
<Figuras/hipo2.png>
[129




]

Package fancyhdr Warning: \headheight is too small (12.0pt): 
(fancyhdr)                Make it at least 14.49998pt, for example:
(fancyhdr)                \setlength{\headheight}{14.49998pt}.
(fancyhdr)                You might also make \topmargin smaller:
(fancyhdr)                \addtolength{\topmargin}{-2.49998pt}.

[130]

Package hyperref Warning: Difference (2) between bookmark levels is greater 
(hyperref)                than one, level fixed on input line 84.

File: Figuras/pesopropio_global2.png Graphic file (type bmp)
<Figuras/pesopropio_global2.png>

Underfull \hbox (badness 1142) in paragraph at lines 98--99
\TU/TimesNewRoman(0)/m/n/12 obtenido mediante el análisis dinámico desarrollado
 en PLAXIS 3D durante el
 []

File: Figuras/hipo1_01.png Graphic file (type bmp)
<Figuras/hipo1_01.png>
File: Figuras/hipo1_02.png Graphic file (type bmp)
<Figuras/hipo1_02.png>
File: Figuras/hipo1_03.png Graphic file (type bmp)
<Figuras/hipo1_03.png>
File: Figuras/hipo1_04.png Graphic file (type bmp)
<Figuras/hipo1_04.png>

Package fancyhdr Warning: \headheight is too small (12.0pt): 
(fancyhdr)                Make it at least 14.49998pt, for example:
(fancyhdr)                \setlength{\headheight}{14.49998pt}.
(fancyhdr)                You might also make \topmargin smaller:
(fancyhdr)                \addtolength{\topmargin}{-2.49998pt}.

[131]
File: Figuras/hipo1_05.png Graphic file (type bmp)
<Figuras/hipo1_05.png>
File: Figuras/hipo1_06.png Graphic file (type bmp)
<Figuras/hipo1_06.png>
File: Figuras/hipo1_07.png Graphic file (type bmp)
<Figuras/hipo1_07.png>
File: Figuras/hipo1_08.png Graphic file (type bmp)
<Figuras/hipo1_08.png>


Package fancyhdr Warning: \headheight is too small (12.0pt): 
(fancyhdr)                Make it at least 14.49998pt, for example:
(fancyhdr)                \setlength{\headheight}{14.49998pt}.
(fancyhdr)                You might also make \topmargin smaller:
(fancyhdr)                \addtolength{\topmargin}{-2.49998pt}.

[132]

Package fancyhdr Warning: \headheight is too small (12.0pt): 
(fancyhdr)                Make it at least 14.49998pt, for example:
(fancyhdr)                \setlength{\headheight}{14.49998pt}.
(fancyhdr)                You might also make \topmargin smaller:
(fancyhdr)                \addtolength{\topmargin}{-2.49998pt}.

[133]

Package fancyhdr Warning: \headheight is too small (12.0pt): 
(fancyhdr)                Make it at least 14.49998pt, for example:
(fancyhdr)                \setlength{\headheight}{14.49998pt}.
(fancyhdr)                You might also make \topmargin smaller:
(fancyhdr)                \addtolength{\topmargin}{-2.49998pt}.

[134]
Underfull \hbox (badness 4995) in paragraph at lines 283--284
\TU/TimesNewRoman(0)/m/n/12 predominantemente elastoplástica con limitada acumu
lación de deformaciones
 []

File: Figuras/evolucion_terraplen.png Graphic file (type bmp)
<Figuras/evolucion_terraplen.png>

Package fancyhdr Warning: \headheight is too small (12.0pt): 
(fancyhdr)                Make it at least 14.49998pt, for example:
(fancyhdr)                \setlength{\headheight}{14.49998pt}.
(fancyhdr)                You might also make \topmargin smaller:
(fancyhdr)                \addtolength{\topmargin}{-2.49998pt}.

[135]
Underfull \hbox (badness 1194) in paragraph at lines 306--307
\TU/TimesNewRoman(0)/m/n/12 significativamente de la velocidad de circulación d
el vehículo. Para todas las
 []


Underfull \hbox (badness 3407) in paragraph at lines 306--307
\TU/TimesNewRoman(0)/m/n/12 velocidades evaluadas se observa un incremento inic
ial de los asentamientos
 []


Underfull \hbox (badness 1253) in paragraph at lines 310--311
\TU/TimesNewRoman(0)/m/n/12 que convergen hacia un estado prácticamente estable
, indicando que el relleno
 []


Package fancyhdr Warning: \headheight is too small (12.0pt): 
(fancyhdr)                Make it at least 14.49998pt, for example:
(fancyhdr)                \setlength{\headheight}{14.49998pt}.
(fancyhdr)                You might also make \topmargin smaller:
(fancyhdr)                \addtolength{\topmargin}{-2.49998pt}.

[136]

Package hyperref Warning: Difference (2) between bookmark levels is greater 
(hyperref)                than one, level fixed on input line 329.


Underfull \hbox (badness 1502) in paragraph at lines 331--332
\TU/TimesNewRoman(0)/m/n/12 coherente con los principios de la mecánica de suel
os y con estudios previos
 []


Underfull \hbox (badness 1874) in paragraph at lines 333--334
[]\TU/TimesNewRoman(0)/m/n/12 En el caso del relleno ubicado detrás del muro de
 contención, se identifican
 []

File: Figuras/muro_pesoprpio_global.png Graphic file (type bmp)
<Figuras/muro_pesoprpio_global.png>

Underfull \hbox (badness 1142) in paragraph at lines 343--344
\TU/TimesNewRoman(0)/m/n/12 obtenido mediante el análisis dinámico desarrollado
 en PLAXIS 3D durante el
 []


Package fancyhdr Warning: \headheight is too small (12.0pt): 
(fancyhdr)                Make it at least 14.49998pt, for example:
(fancyhdr)                \setlength{\headheight}{14.49998pt}.
(fancyhdr)                You might also make \topmargin smaller:
(fancyhdr)                \addtolength{\topmargin}{-2.49998pt}.

[137]
File: Figuras/muro_01.png Graphic file (type bmp)
<Figuras/muro_01.png>
File: Figuras/muro_02.png Graphic file (type bmp)
<Figuras/muro_02.png>
File: Figuras/muro_03.png Graphic file (type bmp)
<Figuras/muro_03.png>
File: Figuras/muro_04.png Graphic file (type bmp)
<Figuras/muro_04.png>
File: Figuras/muro_05.png Graphic file (type bmp)
<Figuras/muro_05.png>
File: Figuras/muro_06.png Graphic file (type bmp)
<Figuras/muro_06.png>
File: Figuras/muro_07.png Graphic file (type bmp)
<Figuras/muro_07.png>
File: Figuras/muro_08.png Graphic file (type bmp)
<Figuras/muro_08.png>


Package fancyhdr Warning: \headheight is too small (12.0pt): 
(fancyhdr)                Make it at least 14.49998pt, for example:
(fancyhdr)                \setlength{\headheight}{14.49998pt}.
(fancyhdr)                You might also make \topmargin smaller:
(fancyhdr)                \addtolength{\topmargin}{-2.49998pt}.

[138]
Underfull \hbox (badness 1147) in paragraph at lines 425--426
[]\TU/TimesNewRoman(0)/m/n/12 Los resultados obtenidos mediante el análisis din
ámico tridimensional muestran
 []


Package fancyhdr Warning: \headheight is too small (12.0pt): 
(fancyhdr)                Make it at least 14.49998pt, for example:
(fancyhdr)                \setlength{\headheight}{14.49998pt}.
(fancyhdr)                You might also make \topmargin smaller:
(fancyhdr)                \addtolength{\topmargin}{-2.49998pt}.

[139]
Underfull \hbox (badness 1742) in paragraph at lines 431--432
\TU/TimesNewRoman(0)/m/n/12 la distribución espacial de esfuerzos respecto a un
 terraplén sin elementos de
 []


Overfull \hbox (11.72853pt too wide) in paragraph at lines 475--475
 [][] 
 []


Package fancyhdr Warning: \headheight is too small (12.0pt): 
(fancyhdr)                Make it at least 14.49998pt, for example:
(fancyhdr)                \setlength{\headheight}{14.49998pt}.
(fancyhdr)                You might also make \topmargin smaller:
(fancyhdr)                \addtolength{\topmargin}{-2.49998pt}.

[140]
Overfull \hbox (41.91345pt too wide) in paragraph at lines 527--527
 [][] 
 []

File: Figuras/evolucion_muro.png Graphic file (type bmp)
<Figuras/evolucion_muro.png>

Package fancyhdr Warning: \headheight is too small (12.0pt): 
(fancyhdr)                Make it at least 14.49998pt, for example:
(fancyhdr)                \setlength{\headheight}{14.49998pt}.
(fancyhdr)                You might also make \topmargin smaller:
(fancyhdr)                \addtolength{\topmargin}{-2.49998pt}.

[141]
Underfull \hbox (badness 1748) in paragraph at lines 554--555
\TU/TimesNewRoman(0)/m/n/12 experimental mediante el ensayo LWD confirma que el
 modelo implementado
 []


Package fancyhdr Warning: \headheight is too small (12.0pt): 
(fancyhdr)                Make it at least 14.49998pt, for example:
(fancyhdr)                \setlength{\headheight}{14.49998pt}.
(fancyhdr)                You might also make \topmargin smaller:
(fancyhdr)                \addtolength{\topmargin}{-2.49998pt}.

[142]

Package hyperref Warning: Difference (2) between bookmark levels is greater 
(hyperref)                than one, level fixed on input line 579.


Underfull \hbox (badness 6284) in paragraph at lines 586--587
[]\TU/TimesNewRoman(0)/m/n/12 El módulo de elasticidad (E), es el parámetro más
 influyente, reduciendo
 []


Package fancyhdr Warning: \headheight is too small (12.0pt): 
(fancyhdr)                Make it at least 14.49998pt, for example:
(fancyhdr)                \setlength{\headheight}{14.49998pt}.
(fancyhdr)                You might also make \topmargin smaller:
(fancyhdr)                \addtolength{\topmargin}{-2.49998pt}.

[143]
Underfull \hbox (badness 1122) in paragraph at lines 698--700
[]\TU/TimesNewRoman(0)/b/n/12 El parámetro Ángulo de fricción \TU/TimesNewRoman
(0)/m/n/12 El ángulo de fricción presenta los mayores
 []


Package fancyhdr Warning: \headheight is too small (12.0pt): 
(fancyhdr)                Make it at least 14.49998pt, for example:
(fancyhdr)                \setlength{\headheight}{14.49998pt}.
(fancyhdr)                You might also make \topmargin smaller:
(fancyhdr)                \addtolength{\topmargin}{-2.49998pt}.

[144]
File: Figuras/sensibilidad.png Graphic file (type bmp)
<Figuras/sensibilidad.png>


Package fancyhdr Warning: \headheight is too small (12.0pt): 
(fancyhdr)                Make it at least 14.49998pt, for example:
(fancyhdr)                \setlength{\headheight}{14.49998pt}.
(fancyhdr)                You might also make \topmargin smaller:
(fancyhdr)                \addtolength{\topmargin}{-2.49998pt}.

[145])

Package fancyhdr Warning: \headheight is too small (12.0pt): 
(fancyhdr)                Make it at least 14.49998pt, for example:
(fancyhdr)                \setlength{\headheight}{14.49998pt}.
(fancyhdr)                You might also make \topmargin smaller:
(fancyhdr)                \addtolength{\topmargin}{-2.49998pt}.

[146]
\openout2 = `Capitulos/5_Conclusiones.aux'.

 (Capitulos/5_Conclusiones.tex
Underfull \hbox (badness 10000) in paragraph at lines 2--2

 []


Package hyperref Warning: bookmark level for unknown cchapter defaults to 0.


Package hyperref Warning: The anchor of a bookmark and its parent's must not
(hyperref)                be the same. Added a new anchor on input line 4.


Underfull \hbox (badness 1436) in paragraph at lines 16--17
\TU/TimesNewRoman(0)/m/n/12 está gobernado por la redistribución tridimensional
 de esfuerzos. Inicialmente
 []

[147




]
Underfull \hbox (badness 5519) in paragraph at lines 43--44
[]\TU/TimesNewRoman(0)/m/n/12 Los resultados indican que la resistencia al cort
e constituye el mecanismo
 []


Underfull \hbox (badness 1509) in paragraph at lines 43--44
\TU/TimesNewRoman(0)/m/n/12 dominante que controla la respuesta deformacional d
el relleno estructural. El
 []


Package fancyhdr Warning: \headheight is too small (12.0pt): 
(fancyhdr)                Make it at least 14.49998pt, for example:
(fancyhdr)                \setlength{\headheight}{14.49998pt}.
(fancyhdr)                You might also make \topmargin smaller:
(fancyhdr)                \addtolength{\topmargin}{-2.49998pt}.

[148]
Underfull \hbox (badness 1308) in paragraph at lines 105--108
\TU/TimesNewRoman(0)/m/n/12 deformaciones inducidas por cargas cíclicas de pequ
eña amplitud o estudiar la
 []


Underfull \hbox (badness 1281) in paragraph at lines 119--120
\TU/TimesNewRoman(0)/m/n/12 especializado como el PLAXIS 3D durante la etapa de
 diseño de carreteras y
 []


Underfull \hbox (badness 1308) in paragraph at lines 121--123
\TU/TimesNewRoman(0)/m/n/12 significativos en las deformaciones del relleno, es
 por ello que se recomienda
 []


Underfull \hbox (badness 7433) in paragraph at lines 159--160
[]\TU/TimesNewRoman(0)/m/n/12 Evaluar el comportamiento de rellenos estructural
es considerando diferentes
 []


Underfull \hbox (badness 5077) in paragraph at lines 159--160
\TU/TimesNewRoman(0)/m/n/12 velocidades de circulación y configuraciones de car
ga vehicular, incluyendo
 []


Package fancyhdr Warning: \headheight is too small (12.0pt): 
(fancyhdr)                Make it at least 14.49998pt, for example:
(fancyhdr)                \setlength{\headheight}{14.49998pt}.
(fancyhdr)                You might also make \topmargin smaller:
(fancyhdr)                \addtolength{\topmargin}{-2.49998pt}.

[149]
Underfull \hbox (badness 7168) in paragraph at lines 169--170
[]\TU/TimesNewRoman(0)/m/n/12 Se propone para futuras investigaciones se podría
n incorporar modelos de
 []

)

Package fancyhdr Warning: \headheight is too small (12.0pt): 
(fancyhdr)                Make it at least 14.49998pt, for example:
(fancyhdr)                \setlength{\headheight}{14.49998pt}.
(fancyhdr)                You might also make \topmargin smaller:
(fancyhdr)                \addtolength{\topmargin}{-2.49998pt}.

[150]
Underfull \hbox (badness 10000) in paragraph at lines 83--83

 []


Package hyperref Warning: The anchor of a bookmark and its parent's must not
(hyperref)                be the same. Added a new anchor on input line 83.


Underfull \hbox (badness 4366) in paragraph at lines 83--83
[][]\TU/TimesNewRoman(0)/m/n/12 AASHTO, G. (1993labelday). Guide for design of 
pavement structures. \TU/TimesNewRoman(0)/m/it/12 American
 []

[151



]
Underfull \hbox (badness 7981) in paragraph at lines 83--83
[][]\TU/TimesNewRoman(0)/m/n/12 Ding, X., Zhao, J., Ou, Q., & Liu, J. (2024labe
lday). Numerical Analysis of
 []


Underfull \hbox (badness 1242) in paragraph at lines 83--83
\TU/TimesNewRoman(0)/m/n/12 Deflectometer for Routine in Situ Assessment of Pav
ement Material Stiffness.
 []


Package fancyhdr Warning: \headheight is too small (12.0pt): 
(fancyhdr)                Make it at least 14.49998pt, for example:
(fancyhdr)                \setlength{\headheight}{14.49998pt}.
(fancyhdr)                You might also make \topmargin smaller:
(fancyhdr)                \addtolength{\topmargin}{-2.49998pt}.

[152]
Underfull \hbox (badness 2435) in paragraph at lines 83--83
[][]\TU/TimesNewRoman(0)/m/it/12 Informe de víctimas fatales en siniestros de t
ránsito e identificación de puntos de
 []


Underfull \hbox (badness 1701) in paragraph at lines 83--83
\TU/TimesNewRoman(0)/m/n/12 Soils Using a Modified Version of the Barcelona Bas
ic Model. \TU/TimesNewRoman(0)/m/it/12 E3S Web of
 []


Package fancyhdr Warning: \headheight is too small (12.0pt): 
(fancyhdr)                Make it at least 14.49998pt, for example:
(fancyhdr)                \setlength{\headheight}{14.49998pt}.
(fancyhdr)                You might also make \topmargin smaller:
(fancyhdr)                \addtolength{\topmargin}{-2.49998pt}.

[153]
Underfull \hbox (badness 5681) in paragraph at lines 83--83
\TU/TimesNewRoman(0)/m/n/12 OCR and POP Parameters in Plaxis-based Numerical An
alysis of Loaded
 []


Underfull \hbox (badness 1033) in paragraph at lines 83--83
\TU/TimesNewRoman(0)/m/n/12 over Consolidated Soils [15th International scienti
fic conference “Underground
 []


Package fancyhdr Warning: \headheight is too small (12.0pt): 
(fancyhdr)                Make it at least 14.49998pt, for example:
(fancyhdr)                \setlength{\headheight}{14.49998pt}.
(fancyhdr)                You might also make \topmargin smaller:
(fancyhdr)                \addtolength{\topmargin}{-2.49998pt}.

[154]
Underfull \hbox (badness 1365) in paragraph at lines 83--83
[][]\TU/TimesNewRoman(0)/m/n/12 Potts, D. M., Zdravković, L., Addenbrooke, T. I
., Higgins, K. G., & Kovačević, N.
 []


Underfull \hbox (badness 1688) in paragraph at lines 83--83
[][]\TU/TimesNewRoman(0)/m/it/12 Reglamento Nacional de Vehículos – , Ministeri
o de Transportes y Comunicaciones\TU/TimesNewRoman(0)/m/n/12 .
 []


Package fancyhdr Warning: \headheight is too small (12.0pt): 
(fancyhdr)                Make it at least 14.49998pt, for example:
(fancyhdr)                \setlength{\headheight}{14.49998pt}.
(fancyhdr)                You might also make \topmargin smaller:
(fancyhdr)                \addtolength{\topmargin}{-2.49998pt}.

[155]
Underfull \hbox (badness 10000) in paragraph at lines 83--83
\TU/TimesNewRoman(0)/m/it/12 POR CONSOLIDACIÓN EN PRESA DE RELAVES MINA CHÉPICA

 []


Underfull \hbox (badness 10000) in paragraph at lines 83--83
[][]\TU/TimesNewRoman(0)/m/n/12 Zienkiewicz, O. C., & taylor. (2005labelday). \
TU/TimesNewRoman(0)/m/it/12 The Finite Element Method.
 []


Package fancyhdr Warning: \headheight is too small (12.0pt): 
(fancyhdr)                Make it at least 14.49998pt, for example:
(fancyhdr)                \setlength{\headheight}{14.49998pt}.
(fancyhdr)                You might also make \topmargin smaller:
(fancyhdr)                \addtolength{\topmargin}{-2.49998pt}.

[156]
\openout2 = `Capitulos/6_Anexos.aux'.

 (Capitulos/6_Anexos.tex

Package hyperref Warning: bookmark level for unknown ranexo defaults to 0.

[157


]
Underfull \hbox (badness 10000) in paragraph at lines 49--49
\TU/TimesNewRoman(0)/b/n/12 en rellenos estructurales por
 []


Underfull \hbox (badness 10000) in paragraph at lines 49--49
\TU/TimesNewRoman(0)/b/n/12 solicitaciones de cargas vehiculares
 []


Underfull \hbox (badness 10000) in paragraph at lines 49--49
\TU/TimesNewRoman(0)/b/n/12 mediante el análisis numérico en
 []


Underfull \hbox (badness 10000) in paragraph at lines 49--49
\TU/TimesNewRoman(0)/b/n/12 el Camino Vecinal EMP. AY-780
 []


Underfull \hbox (badness 10000) in paragraph at lines 49--49
\TU/TimesNewRoman(0)/b/n/12 rellenos estructurales a través del
 []


Underfull \hbox (badness 6575) in paragraph at lines 49--49
\TU/TimesNewRoman(0)/b/n/12 análisis numérico por solicitaciones
 []


Underfull \hbox (badness 10000) in paragraph at lines 49--49
\TU/TimesNewRoman(0)/b/n/12 Vecinal EMP. AY-780 (Mollepata)
 []


Underfull \hbox (badness 10000) in paragraph at lines 49--49
\TU/TimesNewRoman(0)/b/n/12 – EMP. PE-3S (Pongora), en los
 []


Underfull \hbox (badness 10000) in paragraph at lines 49--49
\TU/TimesNewRoman(0)/b/n/12 de la provincia de Huamanga -
 []


Underfull \hbox (badness 10000) in paragraph at lines 49--49
[]|\TU/TimesNewRoman(0)/b/n/12 A través del análisis numerico
 []


Underfull \hbox (badness 10000) in paragraph at lines 49--49
\TU/TimesNewRoman(0)/b/n/12 computacional podemos estimar
 []


Underfull \hbox (badness 8170) in paragraph at lines 49--49
\TU/TimesNewRoman(0)/b/n/12 las deformaciones producto de las
 []


Underfull \hbox (badness 1412) in paragraph at lines 49--49
\TU/TimesNewRoman(0)/b/n/12 cargas vehiculares sobre los rellenos
 []


Underfull \hbox (badness 10000) in paragraph at lines 49--49
\TU/TimesNewRoman(0)/b/n/12 EMP. AY-780 (Mollepata) – EMP.
 []


Underfull \hbox (badness 10000) in paragraph at lines 49--49
\TU/TimesNewRoman(0)/b/n/12 PE-3S (Pongora), en los distritos
 []


Underfull \hbox (badness 10000) in paragraph at lines 49--49
\TU/TimesNewRoman(0)/b/n/12 de Ayacucho y Jesús Nazareno
 []


Underfull \hbox (badness 10000) in paragraph at lines 49--49
\TU/TimesNewRoman(0)/b/n/12 de la provincia de Huamanga -
 []


Underfull \hbox (badness 10000) in paragraph at lines 49--49
[]|\TU/TimesNewRoman(0)/b/n/12 Variable
 []


Underfull \hbox (badness 10000) in paragraph at lines 49--49
\TU/TimesNewRoman(0)/b/n/12 Independiente:
 []


Underfull \hbox (badness 10000) in paragraph at lines 49--49
[]|\TU/TimesNewRoman(0)/b/n/12 Enfoque: \TU/TimesNewRoman(0)/m/n/12 Se realiza 
bajo
 []


Underfull \hbox (badness 10000) in paragraph at lines 49--49
\TU/TimesNewRoman(0)/m/n/12 un enfoque cuantitativo,
 []


Underfull \hbox (badness 10000) in paragraph at lines 49--49
\TU/TimesNewRoman(0)/m/n/12 porque trata de identificar
 []


Underfull \hbox (badness 10000) in paragraph at lines 49--49
\TU/TimesNewRoman(0)/m/n/12 las dimensiones de las
 []


Underfull \hbox (badness 10000) in paragraph at lines 49--49
[]\TU/TimesNewRoman(0)/b/n/12 Alcance: \TU/TimesNewRoman(0)/m/n/12 La investiga
ción
 []


Underfull \hbox (badness 2922) in paragraph at lines 49--49
[]\TU/TimesNewRoman(0)/b/n/12 Diseño de investigación: \TU/TimesNewRoman(0)/m/n
/12 El
 []


Underfull \hbox (badness 2334) in paragraph at lines 49--49
\TU/TimesNewRoman(0)/m/n/12 diseño para esta investigación
 []


Underfull \hbox (badness 10000) in paragraph at lines 49--49
\TU/TimesNewRoman(0)/m/n/12 es de tipo no experimental
 []


Underfull \hbox (badness 10000) in paragraph at lines 49--49
[]|\TU/TimesNewRoman(0)/b/n/12 Población: \TU/TimesNewRoman(0)/m/n/12 En esta
 []


Underfull \hbox (badness 10000) in paragraph at lines 49--49
\TU/TimesNewRoman(0)/m/n/12 investigación se ha tenido
 []


Underfull \hbox (badness 10000) in paragraph at lines 49--49
\TU/TimesNewRoman(0)/m/n/12 en consideración todos las
 []


Underfull \hbox (badness 10000) in paragraph at lines 49--49
\TU/TimesNewRoman(0)/m/n/12 obras viales de la región
 []


Underfull \hbox (badness 10000) in paragraph at lines 49--49
\TU/TimesNewRoman(0)/m/n/12 sierra donde son utilizados
 []


Underfull \hbox (badness 1701) in paragraph at lines 49--49
\TU/TimesNewRoman(0)/m/n/12 infraestructura vial, los cuales
 []


Underfull \hbox (badness 10000) in paragraph at lines 49--49
\TU/TimesNewRoman(0)/m/n/12 sometido a solicitaciones
 []


Underfull \hbox (badness 10000) in paragraph at lines 49--49
\TU/TimesNewRoman(0)/m/n/12 de cargas vehiculares
 []


Underfull \hbox (badness 10000) in paragraph at lines 49--49
\TU/TimesNewRoman(0)/m/n/12 generadas por el tránsito
 []


Underfull \hbox (badness 10000) in paragraph at lines 49--49
\TU/TimesNewRoman(0)/m/n/12 (Mollepata) – EMP. PE-3S
 []


Underfull \hbox (badness 2469) in paragraph at lines 49--49
\TU/TimesNewRoman(0)/m/n/12 (Pongora), en los distritos de
 []


Underfull \hbox (badness 10000) in paragraph at lines 49--49
\TU/TimesNewRoman(0)/m/n/12 Ayacucho y Jesús Nazareno
 []


Underfull \hbox (badness 10000) in paragraph at lines 49--49
\TU/TimesNewRoman(0)/m/n/12 de los rellenos estructurales por
 []


Underfull \hbox (badness 10000) in paragraph at lines 49--49
\TU/TimesNewRoman(0)/m/n/12 solicitaciones de cargas vehiculares
 []


Underfull \hbox (badness 10000) in paragraph at lines 49--49
\TU/TimesNewRoman(0)/m/n/12 en conformación de terraplenes en
 []


Underfull \hbox (badness 10000) in paragraph at lines 49--49
\TU/TimesNewRoman(0)/m/n/12 el Camino Vecinal EMP. AY-780
 []


Underfull \hbox (badness 2884) in paragraph at lines 49--49
\TU/TimesNewRoman(0)/m/n/12 (Mollepata) – EMP. PE-3S (Pongora),
 []


Underfull \hbox (badness 2680) in paragraph at lines 49--49
\TU/TimesNewRoman(0)/m/n/12 en los distritos de Ayacucho y Jesús
 []


Underfull \hbox (badness 10000) in paragraph at lines 49--49
\TU/TimesNewRoman(0)/m/n/12 de terraplenes por solicitaciones de
 []


Underfull \hbox (badness 2762) in paragraph at lines 49--49
\TU/TimesNewRoman(0)/m/n/12 y Jesús Nazareno de la provincia de
 []


Underfull \hbox (badness 2318) in paragraph at lines 49--49
[]|$[]$ \TU/TimesNewRoman(0)/m/n/12 A través del método de elementos
 []


Underfull \hbox (badness 10000) in paragraph at lines 49--49
\TU/TimesNewRoman(0)/m/n/12 finitos podemos estimar las
 []


Underfull \hbox (badness 10000) in paragraph at lines 49--49
\TU/TimesNewRoman(0)/m/n/12 deformaciones en los rellenos
 []


Underfull \hbox (badness 10000) in paragraph at lines 49--49
\TU/TimesNewRoman(0)/m/n/12 estructurales para la conformación
 []


Underfull \hbox (badness 2680) in paragraph at lines 49--49
\TU/TimesNewRoman(0)/m/n/12 de terraplenes producto de las cargas
 []


Underfull \hbox (badness 10000) in paragraph at lines 49--49
\TU/TimesNewRoman(0)/m/n/12 AY-780 (Mollepata) – EMP. PE-3S
 []


Underfull \hbox (badness 2762) in paragraph at lines 49--49
\TU/TimesNewRoman(0)/m/n/12 y Jesús Nazareno de la provincia de
 []


Underfull \hbox (badness 10000) in paragraph at lines 49--49
[]|\TU/TimesNewRoman(0)/b/n/12 Variable
 []


Underfull \hbox (badness 10000) in paragraph at lines 49--49
\TU/TimesNewRoman(0)/b/n/12 dependiente:
 []


Underfull \hbox (badness 7379) in paragraph at lines 49--49
[]|\TU/TimesNewRoman(0)/b/n/12 Muestra: \TU/TimesNewRoman(0)/m/n/12 Seran los t
ramos
 []


Underfull \hbox (badness 10000) in paragraph at lines 49--49
\TU/TimesNewRoman(0)/m/n/12 donde se han realizado
 []


Underfull \hbox (badness 10000) in paragraph at lines 49--49
\TU/TimesNewRoman(0)/m/n/12 rellenos estructurales para
 []


Underfull \hbox (badness 5245) in paragraph at lines 49--49
\TU/TimesNewRoman(0)/m/n/12 de contención \TU/TimesNewRoman(0)/b/n/12 Km 1+050.
00\TU/TimesNewRoman(0)/m/n/12 ,
 []


Underfull \hbox (badness 10000) in paragraph at lines 49--49
\TU/TimesNewRoman(0)/m/n/12 eligiendo estos tramos por
 []


Underfull \hbox (badness 10000) in paragraph at lines 49--49
\TU/TimesNewRoman(0)/m/n/12 de los rellenos estructurales por
 []


Underfull \hbox (badness 10000) in paragraph at lines 49--49
\TU/TimesNewRoman(0)/m/n/12 solicitaciones de cargas vehiculares
 []


Underfull \hbox (badness 2884) in paragraph at lines 49--49
\TU/TimesNewRoman(0)/m/n/12 en la carretera Vecinal EMP. AY-780
 []


Underfull \hbox (badness 2884) in paragraph at lines 49--49
\TU/TimesNewRoman(0)/m/n/12 (Mollepata) – EMP. PE-3S (Pongora),
 []


Underfull \hbox (badness 2680) in paragraph at lines 49--49
\TU/TimesNewRoman(0)/m/n/12 en los distritos de Ayacucho y Jesús
 []


Underfull \hbox (badness 10000) in paragraph at lines 49--49
\TU/TimesNewRoman(0)/m/n/12 AY-780 (Mollepata) – EMP. PE-3S
 []


Underfull \hbox (badness 2762) in paragraph at lines 49--49
\TU/TimesNewRoman(0)/m/n/12 y Jesús Nazareno de la provincia de
 []


Underfull \hbox (badness 2318) in paragraph at lines 49--49
[]|$[]$ \TU/TimesNewRoman(0)/m/n/12 A través del método de elementos
 []


Underfull \hbox (badness 10000) in paragraph at lines 49--49
\TU/TimesNewRoman(0)/m/n/12 finitos podemos estimar las
 []


Underfull \hbox (badness 10000) in paragraph at lines 49--49
\TU/TimesNewRoman(0)/m/n/12 deformaciones en los rellenos
 []


Underfull \hbox (badness 2828) in paragraph at lines 49--49
\TU/TimesNewRoman(0)/m/n/12 estructurales en trasdos de los muros
 []


Underfull \hbox (badness 2680) in paragraph at lines 49--49
\TU/TimesNewRoman(0)/m/n/12 de contención producto de las cargas
 []


Underfull \hbox (badness 10000) in paragraph at lines 49--49
\TU/TimesNewRoman(0)/m/n/12 AY-780 (Mollepata) – EMP. PE-3S
 []


Underfull \hbox (badness 2762) in paragraph at lines 49--49
\TU/TimesNewRoman(0)/m/n/12 y Jesús Nazareno de la provincia de
 []


Underfull \hbox (badness 10000) in paragraph at lines 49--49
[]|$[]$ \TU/TimesNewRoman(0)/m/n/12 ¿Cómo influyen los parámetros
 []


Overfull \hbox (2.50758pt too wide) in paragraph at lines 49--49
 [][] 
 []


LaTeX Warning: Float too large for page by 55.34492pt on input line 53.

[158]
File: Figuras/muro.jpg Graphic file (type bmp)
<Figuras/muro.jpg>
File: Figuras/63.jpg Graphic file (type bmp)
<Figuras/63.jpg>
File: Figuras/65.jpg Graphic file (type bmp)
<Figuras/65.jpg>
File: Figuras/terraplen2.jpg Graphic file (type bmp)
<Figuras/terraplen2.jpg>
File: Figuras/ensayo.jpg Graphic file (type bmp)
<Figuras/ensayo.jpg>
File: Figuras/62.jpg Graphic file (type bmp)
<Figuras/62.jpg>
File: Figuras/AnexoA1.jpeg Graphic file (type bmp)
<Figuras/AnexoA1.jpeg>
File: Figuras/AnexoA2.jpeg Graphic file (type bmp)
<Figuras/AnexoA2.jpeg>
File: Figuras/AnexoA3.jpeg Graphic file (type bmp)
<Figuras/AnexoA3.jpeg>
File: Figuras/AnexoA4.jpeg Graphic file (type bmp)
<Figuras/AnexoA4.jpeg>
File: Figuras/AnexoA5.jpeg Graphic file (type bmp)
<Figuras/AnexoA5.jpeg>
File: Figuras/AnexoA6.jpeg Graphic file (type bmp)
<Figuras/AnexoA6.jpeg>
 [159



]
File: Figuras/lwd13.jpg Graphic file (type bmp)
<Figuras/lwd13.jpg>
File: Figuras/lwd6.jpg Graphic file (type bmp)
<Figuras/lwd6.jpg>
File: Figuras/lwd7.jpg Graphic file (type bmp)
<Figuras/lwd7.jpg>
File: Figuras/lwd8.jpg Graphic file (type bmp)
<Figuras/lwd8.jpg>
File: Figuras/lwd10.jpg Graphic file (type bmp)
<Figuras/lwd10.jpg>
File: Figuras/lwd11.jpg Graphic file (type bmp)
<Figuras/lwd11.jpg>
 [160]
File: Figuras/0183.pdf Graphic file (type pdf)
<use Figuras/0183.pdf>
File: Figuras/0183.pdf Graphic file (type pdf)
<use Figuras/0183.pdf, page 1>
File: Figuras/0183.pdf Graphic file (type pdf)
<use Figuras/0183.pdf, page 1>
 [161]
File: Figuras/0183.pdf Graphic file (type pdf)
<use Figuras/0183.pdf, page 1>
File: Figuras/0183.pdf Graphic file (type pdf)
<use Figuras/0183.pdf, page 1>
File: Figuras/0183.pdf Graphic file (type pdf)
<use Figuras/0183.pdf, page 1>
 [162

]
File: Figuras/0183.pdf Graphic file (type pdf)
<use Figuras/0183.pdf, page 2>
File: Figuras/0183.pdf Graphic file (type pdf)
<use Figuras/0183.pdf, page 2>
File: Figuras/0183.pdf Graphic file (type pdf)
<use Figuras/0183.pdf, page 2>
 [163

]
File: Figuras/0183.pdf Graphic file (type pdf)
<use Figuras/0183.pdf, page 3>
File: Figuras/0183.pdf Graphic file (type pdf)
<use Figuras/0183.pdf, page 3>
File: Figuras/0183.pdf Graphic file (type pdf)
<use Figuras/0183.pdf, page 3>
 [164

]
File: Figuras/0183.pdf Graphic file (type pdf)
<use Figuras/0183.pdf, page 4>
File: Figuras/0183.pdf Graphic file (type pdf)
<use Figuras/0183.pdf, page 4>
File: Figuras/0183.pdf Graphic file (type pdf)
<use Figuras/0183.pdf, page 4>
 [165

]
File: Figuras/0183.pdf Graphic file (type pdf)
<use Figuras/0183.pdf, page 5>
File: Figuras/0183.pdf Graphic file (type pdf)
<use Figuras/0183.pdf, page 5>
File: Figuras/0183.pdf Graphic file (type pdf)
<use Figuras/0183.pdf, page 5>
 [166

]
File: Figuras/0183.pdf Graphic file (type pdf)
<use Figuras/0183.pdf, page 6>
File: Figuras/0183.pdf Graphic file (type pdf)
<use Figuras/0183.pdf, page 6>
File: Figuras/0183.pdf Graphic file (type pdf)
<use Figuras/0183.pdf, page 6>
 [167

]
File: Figuras/0183.pdf Graphic file (type pdf)
<use Figuras/0183.pdf, page 7>
File: Figuras/0183.pdf Graphic file (type pdf)
<use Figuras/0183.pdf, page 7>
File: Figuras/0183.pdf Graphic file (type pdf)
<use Figuras/0183.pdf, page 7>
 [168

]
File: Figuras/0183.pdf Graphic file (type pdf)
<use Figuras/0183.pdf, page 8>
File: Figuras/0183.pdf Graphic file (type pdf)
<use Figuras/0183.pdf, page 8>
File: Figuras/0183.pdf Graphic file (type pdf)
<use Figuras/0183.pdf, page 8>
 [169

]
File: Figuras/0183.pdf Graphic file (type pdf)
<use Figuras/0183.pdf, page 9>
File: Figuras/0183.pdf Graphic file (type pdf)
<use Figuras/0183.pdf, page 9>
File: Figuras/0183.pdf Graphic file (type pdf)
<use Figuras/0183.pdf, page 9>

[170

]
File: Figuras/0183.pdf Graphic file (type pdf)
<use Figuras/0183.pdf, page 10>
File: Figuras/0183.pdf Graphic file (type pdf)
<use Figuras/0183.pdf, page 10>
File: Figuras/0183.pdf Graphic file (type pdf)
<use Figuras/0183.pdf, page 10>
 [171

]
File: Figuras/0183.pdf Graphic file (type pdf)
<use Figuras/0183.pdf, page 11>
File: Figuras/0183.pdf Graphic file (type pdf)
<use Figuras/0183.pdf, page 11>
File: Figuras/0183.pdf Graphic file (type pdf)
<use Figuras/0183.pdf, page 11>
 [172

]
File: Figuras/0183.pdf Graphic file (type pdf)
<use Figuras/0183.pdf, page 12>
File: Figuras/0183.pdf Graphic file (type pdf)
<use Figuras/0183.pdf, page 12>
File: Figuras/0183.pdf Graphic file (type pdf)
<use Figuras/0183.pdf, page 12>
 [173

]
File: Figuras/0183.pdf Graphic file (type pdf)
<use Figuras/0183.pdf, page 13>
File: Figuras/0183.pdf Graphic file (type pdf)
<use Figuras/0183.pdf, page 13>
File: Figuras/0183.pdf Graphic file (type pdf)
<use Figuras/0183.pdf, page 13>
 [174

]
File: Figuras/0183.pdf Graphic file (type pdf)
<use Figuras/0183.pdf, page 14>
File: Figuras/0183.pdf Graphic file (type pdf)
<use Figuras/0183.pdf, page 14>
File: Figuras/0183.pdf Graphic file (type pdf)
<use Figuras/0183.pdf, page 14>
 [175

]
File: Figuras/0183.pdf Graphic file (type pdf)
<use Figuras/0183.pdf, page 15>
File: Figuras/0183.pdf Graphic file (type pdf)
<use Figuras/0183.pdf, page 15>
File: Figuras/0183.pdf Graphic file (type pdf)
<use Figuras/0183.pdf, page 15>
 [176

]
File: Figuras/0183.pdf Graphic file (type pdf)
<use Figuras/0183.pdf, page 16>
File: Figuras/0183.pdf Graphic file (type pdf)
<use Figuras/0183.pdf, page 16>
File: Figuras/0183.pdf Graphic file (type pdf)
<use Figuras/0183.pdf, page 16>
 [177

]
File: Figuras/0183.pdf Graphic file (type pdf)
<use Figuras/0183.pdf, page 17>
File: Figuras/0183.pdf Graphic file (type pdf)
<use Figuras/0183.pdf, page 17>
File: Figuras/0183.pdf Graphic file (type pdf)
<use Figuras/0183.pdf, page 17>
 [178

]
File: Figuras/0183.pdf Graphic file (type pdf)
<use Figuras/0183.pdf, page 18>
File: Figuras/0183.pdf Graphic file (type pdf)
<use Figuras/0183.pdf, page 18>
File: Figuras/0183.pdf Graphic file (type pdf)
<use Figuras/0183.pdf, page 18>
 [179

]
File: Figuras/0183.pdf Graphic file (type pdf)
<use Figuras/0183.pdf, page 19>
File: Figuras/0183.pdf Graphic file (type pdf)
<use Figuras/0183.pdf, page 19>
File: Figuras/0183.pdf Graphic file (type pdf)
<use Figuras/0183.pdf, page 19>
 [180

]
File: Figuras/0208.pdf Graphic file (type pdf)
<use Figuras/0208.pdf>
File: Figuras/0208.pdf Graphic file (type pdf)
<use Figuras/0208.pdf, page 1>
File: Figuras/0208.pdf Graphic file (type pdf)
<use Figuras/0208.pdf, page 1>
File: Figuras/0208.pdf Graphic file (type pdf)
<use Figuras/0208.pdf, page 1>
File: Figuras/0208.pdf Graphic file (type pdf)
<use Figuras/0208.pdf, page 1>
File: Figuras/0208.pdf Graphic file (type pdf)
<use Figuras/0208.pdf, page 1>
 [181

]
File: Figuras/0208.pdf Graphic file (type pdf)
<use Figuras/0208.pdf, page 2>
File: Figuras/0208.pdf Graphic file (type pdf)
<use Figuras/0208.pdf, page 2>
File: Figuras/0208.pdf Graphic file (type pdf)
<use Figuras/0208.pdf, page 2>

[182

]) (PlantillaTesis.aux (Capitulos/0_Portada.aux)
(Capitulos/1_PlanteamientoProblema.aux) (Capitulos/2_MarcoTeorico.aux)
(Capitulos/3_MetodoInvestigacion.aux) (Capitulos/4_Resultados.aux)
(Capitulos/5_Conclusiones.aux) (Capitulos/6_Anexos.aux))
 ***********
LaTeX2e <2025-11-01>
L3 programming layer <2020/03/25>
 ***********


LaTeX Font Warning: Some font shapes were not available, defaults substituted.


LaTeX Warning: There were undefined references.


LaTeX Warning: There were multiply-defined labels.

Package rerunfilecheck Info: File `PlantillaTesis.out' has not changed.
(rerunfilecheck)             Checksum: CB702F51FB980A7CFFBE84BE57A15A49;34110.

Package biblatex Warning: Please rerun LaTeX.
(biblatex)                Page breaks have changed.

Package logreq Info: Writing requests to 'PlantillaTesis.run.xml'.
\openout1 = `PlantillaTesis.run.xml'.

 ) 
Here is how much of TeX's memory you used:
 86511 strings out of 402986
 1899162 string characters out of 5452851
 3301725 words of memory out of 5000000
 113755 multiletter control sequences out of 15000+600000
 681453 words of font info for 293 fonts, out of 8000000 for 9000
 1432 hyphenation exceptions out of 8191
 103i,17n,131p,2733b,5908s stack positions out of 10000i,1000n,20000p,200000b,200000s

Output written on PlantillaTesis.pdf (200 pages).
